similarity,combined_obs,id_a,name_a,years_a,obs_a,id_b,name_b,years_b,obs_b,country
82,189,U06525,Tsing Hua University,2004-2014,4,U06527,Tsinghua University,2003-2026,185,China
83,180,U02146,Goteborg University,2004-2015,12,U07825,University of Gothenburg,2003-2026,168,Sweden
100,172,U01144,Charles University,2003-2026,157,U01145,Charles University in Prague / Univerzita Karlova v Praze,2011-2025,15,Czechia
83,164,U08049,University of Missouri - Mizzou,2007-2026,44,U08050,University of Missouri Columbia,2003-2026,120,United States
85,157,U01979,Free University of Berlin,2003-2026,89,U01983,Freie Universität Berlin,2007-2026,68,Germany
82,152,U06049,State University of New York Health Science Center at Brooklyn,2003-2022,18,U08097,University of New Mexico,2004-2026,134,United States
96,151,U09033,Xi'an Jiaotong University,2007-2026,143,U09049,Xian Jiao Tong University,2010-2017,8,China
85,148,U08869,Vrije Universiteit Brussel,2003-2026,142,U08870,Vrije University of Brussels,2014-2019,6,Belgium
100,148,U04375,National Chiao Tung University,2003-2026,135,U04584,National Yang Ming Chiao Tung University (NYCU Taiwan),2021-2026,13,Taiwan
86,139,U04837,Ohio State University,2004-2026,121,U06049,State University of New York Health Science Center at Brooklyn,2003-2022,18,United States
82,135,U03427,Karlsruhe Institute of Technology,2007-2026,118,U03429,Karlsruher Institut fur Technologie,2009-2025,17,Germany
84,134,U00642,Baylor College of Medicine,2003-2026,127,U04090,Michigan State University College of Human Medicine,2019-2025,7,United States
87,129,U03159,Istanbul Technical University,2005-2026,126,U03160,Istanbul Teknik University,2014-2017,3,Turkey
100,127,U04097,Middle East Technical University,2005-2026,114,U04098,Middle East Technical University / Orta Doğu Teknik Üniversitesi,2013-2025,13,Turkey
86,127,U06599,UNIVERSITÉ PIERRE MENDÈS FRANCE - GRENOBLE 2,2007-2015,12,U08613,Université Grenoble Alpes,2011-2026,115,France
86,127,U04076,Metropolitan State University,2020-2025,6,U04837,Ohio State University,2004-2026,121,United States
100,125,U03979,Masaryk University,2005-2026,110,U03980,Masaryk University in Brno / Masarykova Univerzita v Brně,2011-2025,15,Czechia
86,122,U06600,UNIVERSITÉ STENDHAL GRENOBLE 3,2010-2015,7,U08613,Université Grenoble Alpes,2011-2026,115,France
100,120,U01356,Comenius University Bratislava,2005-2026,106,U01357,Comenius University in Bratislava / Univerzita Komenského v Bratislave,2012-2025,14,Slovakia
86,119,U04891,Osaka City University,2003-2026,87,U04901,Osaka Metropolitan University,2017-2026,32,Japan
94,115,U00097,AGH University of Science & Technology / Akademia Górniczo-Hutnicza Stanisława Staszica w Krakowie,2011-2025,15,U00098,AGH University of Science and Technology,2007-2026,100,Poland
100,115,U03305,Jinan University,2010-2026,85,U03306,Jinan University (China),2016-2026,30,China
100,112,U01411,Czech Technical University in Prague,2005-2026,97,U01412,Czech Technical University in Prague / České Vysoké Učení Technické v Praze,2011-2025,15,Czechia
83,112,U03345,Joseph Fourier University,2003-2016,46,U04954,PSL University,2015-2026,66,France
82,111,U01356,Comenius University Bratislava,2005-2026,106,U05879,Slovak University of Technology in Bratislava / Slovenská technická univerzita v Bratislave,2012-2025,5,Slovakia
83,110,U04954,PSL University,2015-2026,66,U08165,University of Paris Descartes (Paris 5),2003-2019,44,France
88,106,U04148,Missouri University of Science and Technology,2010-2026,103,U06587,UNIVERSITY OF MISSOURI ROLLA,2005-2007,3,United States
100,105,U00844,Budapest University of Technology and Economics,2004-2026,90,U00845,Budapest University of Technology and Economics / Budapesti Műszaki és Gazdaságtudományi Egyetem BME,2011-2025,15,Hungary
86,101,U08629,Université Paris Cité,2014-2026,73,U08631,Université Paris Descartes,2010-2019,28,France
100,100,U04767,Northwest University,2014-2026,73,U04768,Northwest University (China),2013-2026,27,China
84,98,U00670,Beijing Jiaotong Daxue,2010-2013,3,U00671,Beijing Jiaotong University,2011-2026,95,China
90,97,U03520,Kindai University,2003-2026,90,U03545,Kinki University,2010-2015,7,Japan
86,97,U04891,Osaka City University,2003-2026,87,U04900,Osaka Medical and Pharmaceutical University,2022-2026,10,Japan
86,96,U01207,China Medical University (Taichung),2017-2025,15,U01208,"China Medical University, Taiwan",2010-2026,81,Taiwan
100,95,U04653,Nicolaus Copernicus University,2008-2026,82,U04654,Nicolaus Copernicus University / Uniwersytet Mikołaja Kopernika w Toruniu,2013-2025,13,Poland
100,94,U01287,City College of New York,2004-2026,85,U01288,City College of New York CUNY,2011-2025,9,United States
86,91,U04379,National Chung Cheng University,2005-2026,87,U06182,Taiwan Chung Cheng University,2014-2017,4,Taiwan
83,91,U04954,PSL University,2015-2026,66,U08172,University of Paris Sud - Paris XI,2005-2019,25,France
82,89,U04074,Metropolitan Autonomous University,2013-2025,30,U06681,Universidad Autónoma Metropolitana,2007-2026,59,Mexico
83,87,U04954,PSL University,2015-2026,66,U07641,University of Bordeaux 1,2003-2014,21,France
100,87,U04584,National Yang Ming Chiao Tung University (NYCU Taiwan),2021-2026,13,U04585,National Yang Ming University,2005-2022,74,Taiwan
82,87,U01320,Coastal Carolina University,2020-2025,7,U08319,University of South Carolina - Columbia,2003-2026,80,United States
100,87,U00825,Brno University of Technology,2005-2026,75,U00826,Brno University of Technology / Vysoké Učení Technické v Brně,2011-2025,12,Czechia
100,85,U08424,University of Tromso,2004-2026,70,U08425,University of Tromso / Universitetet i Tromsø,2011-2025,15,Norway
84,85,U04648,Nicholas Copernicus University of Torun,2014-2017,3,U04653,Nicolaus Copernicus University,2008-2026,82,Poland
100,85,U04083,Miami University,2010-2026,57,U04084,Miami University of Ohio,2006-2025,28,United States
100,84,U04784,Norwegian University of Life Sciences,2011-2026,80,U04785,Norwegian University of Life Sciences / Norges miljø- og biovitenskapelige universitet,2017-2025,4,Norway
90,83,U08170,University of Paris Sud (Paris 11),2003-2019,58,U08172,University of Paris Sud - Paris XI,2005-2019,25,France
83,82,U02452,Henri Poincare University (Nancy 1),2003-2015,16,U04954,PSL University,2015-2026,66,France
90,82,U04761,Northwest A&F University,2010-2026,68,U04762,Northwest Agriculture & Forestry University,2014-2026,14,China
84,81,U06049,State University of New York Health Science Center at Brooklyn,2003-2022,18,U06332,Texas State University,2005-2026,63,United States
91,81,U01545,Dokuz Eylul Universitesi,2020-2026,8,U01546,Dokuz Eylul University,2010-2026,73,Turkey
90,81,U00097,AGH University of Science & Technology / Akademia Górniczo-Hutnicza Stanisława Staszica w Krakowie,2011-2025,15,U03807,Lodz University of Technology,2009-2026,66,Poland
82,81,U06049,State University of New York Health Science Center at Brooklyn,2003-2022,18,U09001,Wright State University,2005-2025,63,United States
89,80,U01295,City University of New York,2004-2026,62,U06049,State University of New York Health Science Center at Brooklyn,2003-2022,18,United States
83,79,U04954,PSL University,2015-2026,66,U08214,University of Provence (Aix-Marseille 1),2003-2013,13,France
83,79,U04954,PSL University,2015-2026,66,U08802,Victor Segalen Bordeaux 2 University,2003-2014,13,France
87,79,U05128,Pontifical Catholic University of Rio de Janeiro,2005-2026,23,U05146,Pontificia Universidade Catolica do Rio de Janeiro,2007-2026,56,Brazil
86,78,U08629,Université Paris Cité,2014-2026,73,U08668,Université de Paris (IPGP Descartes Diderot),2021-2025,5,France
89,77,U04544,National University of Defence Technology - China,2014-2025,7,U04545,National University of Defense Technology,2014-2026,70,China
84,77,U05046,Peter the Great St. Petersburg Polytechnic University,2010-2026,72,U05517,Saint Petersburg State Polytechnic University,2013-2020,5,Russia
86,76,U01346,Collège de France (comUE Université Paris PSL),2017-2019,3,U08629,Université Paris Cité,2014-2026,73,France
90,76,U03807,Lodz University of Technology,2009-2026,66,U05838,Silesian University of Technology in Gliwice / Politechnika Śląska w Gliwicach,2014-2025,10,Poland
98,76,U04330,Nanjing University of Post and TeleCommunications,2010-2015,4,U04331,Nanjing University of Posts and Telecommunications,2014-2026,72,China
86,76,U08629,Université Paris Cité,2014-2026,73,U08632,Université Paris East Marne la Vallée,2010-2012,3,France
86,76,U08629,Université Paris Cité,2014-2026,73,U08669,Université de Paris 13 / Université Paris XIII Nord (comUE Université Sorbonne Paris Cité),2017-2019,3,France
95,75,U07583,University of Aquila,2014-2025,14,U07940,University of L'Aquila,2007-2026,61,Italy
83,75,U04954,PSL University,2015-2026,66,U08168,University of Paris Diderot - Paris VII,2012-2019,9,France
83,75,U04954,PSL University,2015-2026,66,U08166,University of Paris Descartes - Paris V,2014-2019,9,France
100,75,U04953,PSL Research University Paris (ComUE),2019-2025,9,U04954,PSL University,2015-2026,66,France
83,74,U03780,Lille 2 University of Health and Law,2010-2017,8,U04954,PSL University,2015-2026,66,France
88,74,U01916,Federico Santa María Technical University,2014-2026,30,U06850,Universidad Tecnica Federico Santa Maria,2010-2026,44,Chile
83,73,U02276,HSE University,2011-2026,37,U05033,Peoples Friendship University of Russia,2010-2025,36,Russia
83,72,U04954,PSL University,2015-2026,66,U08063,University of Montpellier II,2009-2014,6,France
83,72,U04954,PSL University,2015-2026,66,U08161,University of Pantheon Sorbonne - Paris I,2013-2020,6,France
83,71,U04954,PSL University,2015-2026,66,U08176,University of Pau and Pays Adour,2014-2025,5,France
90,71,U03807,Lodz University of Technology,2009-2026,66,U09004,Wroclaw University of Technology / Politechnika Wrocławska,2011-2016,5,Poland
83,71,U04954,PSL University,2015-2026,66,U06593,UNIVERSITY PARIS 2 PANTHÉON-ASSAS,2010-2014,5,France
82,71,U05126,Pontifical Catholic University of Peru,2014-2026,18,U05135,Pontificia Universidad Catolica del Peru,2007-2026,53,Peru
83,71,U04954,PSL University,2015-2026,66,U08169,University of Paris Nord - Paris XIII,2014-2025,5,France
83,71,U03829,Louis Pasteur University (Strasbourg 1),2010-2015,5,U04954,PSL University,2015-2026,66,France
86,70,U02100,Georgia Health Sciences University,2010-2014,5,U06632,Uniformed Services University of the Health Sciences,2005-2026,65,United States
85,70,U04098,Middle East Technical University / Orta Doğu Teknik Üniversitesi,2013-2025,13,U09120,Yildiz Technical University,2011-2026,57,Turkey
92,69,U04995,Paris Diderot University – Paris 7,2011-2019,27,U08167,University of Paris Diderot (Paris 7),2003-2019,42,France
100,69,U03054,International School for Advanced Studies,2005-2026,57,U03055,International School for Advanced Studies / Scuola Internazionale Superiore di Studi Avanzati SISSA di Trieste,2014-2025,12,Italy
90,69,U03807,Lodz University of Technology,2009-2026,66,U06171,Tadeusz Kościuszko Cracow University of Technology / Politechnika Krakowska Tadeusza Kościuszki,2012-2025,3,Poland
83,69,U04954,PSL University,2015-2026,66,U08334,University of Southern Bretagne,2014-2017,3,France
83,69,U04954,PSL University,2015-2026,66,U08164,University of Paris Dauphine - Paris IX,2014-2017,3,France
86,69,U00586,Ball State University,2005-2026,51,U06049,State University of New York Health Science Center at Brooklyn,2003-2022,18,United States
83,68,U01007,Catholic University of Leuven / Katholieke Universiteit Leuven,2022-2025,4,U08058,University of Mons,2014-2026,64,Belgium
87,67,U00097,AGH University of Science & Technology / Akademia Górniczo-Hutnicza Stanisława Staszica w Krakowie,2011-2025,15,U01398,Cracow University of Technology,2010-2026,52,Poland
85,67,U04592,Naval Medical University,2018-2025,10,U05640,Second Military Medical University,2010-2026,57,China
100,67,U05837,Silesian University of Technology,2012-2026,57,U05838,Silesian University of Technology in Gliwice / Politechnika Śląska w Gliwicach,2014-2025,10,Poland
86,66,U08387,University of Tennessee Health Science Center,2004-2026,59,U08388,University of Tennessee Martin,2005-2025,7,United States
88,66,U05130,Pontifical Javeriana University,2014-2025,8,U05139,Pontificia Universidad Javeriana,2010-2026,58,Colombia
100,65,U06192,Tallinn University of Technology,2005-2026,52,U06193,Tallinn University of Technology (TalTech),2015-2026,13,Estonia
100,65,U05878,Slovak University of Technology in Bratislava,2008-2026,60,U05879,Slovak University of Technology in Bratislava / Slovenská technická univerzita v Bratislave,2012-2025,5,Slovakia
88,64,U05468,SOAS University of London,2011-2026,35,U07974,University of London School Oriental & African Studies (SOAS),2004-2025,29,United Kingdom
83,64,U03980,Masaryk University in Brno / Masarykova Univerzita v Brně,2011-2025,15,U04051,Mendel University in Brno,2009-2026,49,Czechia
94,64,U06207,Taras Shevchenko National University Kiev,2014-2025,14,U06208,Taras Shevchenko National University of Kyiv,2010-2026,50,Ukraine
85,64,U00301,All India Institute of Medical Sciences,2010-2026,60,U05781,Sher-i-Kashmir Institute of Medical Sciences,2022-2025,4,India
87,62,U01398,Cracow University of Technology,2010-2026,52,U05838,Silesian University of Technology in Gliwice / Politechnika Śląska w Gliwicach,2014-2025,10,Poland
83,62,U07659,University of Caen,2014-2025,4,U08170,University of Paris Sud (Paris 11),2003-2019,58,France
83,62,U05129,Pontifical Catholic University of Valparaíso,2015-2026,20,U05133,Pontificia Universidad Catolica de Valparaiso,2010-2026,42,Chile
83,62,U08161,University of Pantheon Sorbonne - Paris I,2013-2020,6,U08627,Université Paris 1 Panthéon-Sorbonne,2004-2026,56,France
100,62,U06262,Technical University of Ostrava,2007-2026,57,U06263,Technical University of Ostrava / Vysoká Škola Báňská Technická Univerzita Ostrava,2011-2016,5,Czechia
84,61,U05123,Pontifical Catholic University of Chile,2005-2026,56,U06309,Temuco Catholic University,2022-2026,5,Chile
86,61,U09120,Yildiz Technical University,2011-2026,57,U09122,Yildiz Teknik University,2014-2020,4,Turkey
83,61,U00711,Bengbu Medical University,2024-2025,4,U05640,Second Military Medical University,2010-2026,57,China
84,60,U00917,California Polytechnic State University Cal Poly,2011-2025,16,U00919,"California Polytechnic State University, San Luis Obispo",2005-2026,44,United States
86,60,U05104,Polytechnic University of Catalonia,2005-2026,57,U06244,Technical University of Catalonia (UPC),2023-2025,3,Spain
88,60,U01012,Cayetano Heredia Peruvian University,2019-2025,7,U06815,Universidad Peruana Cayetano Heredia,2012-2026,53,Peru
82,60,U02311,Hamline University,2005-2025,3,U04083,Miami University,2010-2026,57,United States
85,60,U08790,Vellore Institute of Technology,2014-2026,51,U08792,Vels Institute of Science Technology and Advanced Studies,2020-2026,9,India
92,60,U06204,Tampere University (TUT+UoT) / Tampereen korkeakouluyhteisö,2019-2025,7,U08374,University of Tampere,2005-2025,53,Finland
85,59,U00681,Beijing Union University,2017-2025,17,U01225,"China University of Geosciences, Beijing",2012-2026,42,China
85,59,U03254,Jaypee Institute of Information Technology,2020-2026,8,U08790,Vellore Institute of Technology,2014-2026,51,India
91,59,U05484,SUNY Upstate Medical University,2017-2025,19,U06059,"State University of New York, Upstate Medical University",2005-2026,40,United States
84,58,U02725,Idaho State University,2005-2025,40,U06049,State University of New York Health Science Center at Brooklyn,2003-2022,18,United States
100,58,U08483,University of West Bohemia,2005-2026,52,U08484,University of West Bohemia (Vysoká Škola v Plzni) / Západočeská Univerzita v Plzni,2011-2016,6,Czechia
85,58,U02784,Indian Institute of Space Science and Technology,2021-2025,7,U08790,Vellore Institute of Technology,2014-2026,51,India
97,58,U08738,V.N. Karazin Kharkiv National University,2010-2026,43,U08751,VN Karazin Kharkiv National University,2014-2025,15,Ukraine
85,57,U01322,Coimbatore Institute of Technology,2020-2025,6,U08790,Vellore Institute of Technology,2014-2026,51,India
85,57,U04463,National Institute of Technology Srinagar,2023-2026,6,U08790,Vellore Institute of Technology,2014-2026,51,India
85,57,U00559,BS Abdur Rahman Crescent Institute of Science and Technology,2020-2025,6,U08790,Vellore Institute of Technology,2014-2026,51,India
85,57,U01570,Dr BR Ambedkar National Institute of Technology,2020-2025,6,U08790,Vellore Institute of Technology,2014-2026,51,India
87,57,U01398,Cracow University of Technology,2010-2026,52,U09004,Wroclaw University of Technology / Politechnika Wrocławska,2011-2016,5,Poland
84,57,U07188,Universit degli Studi di Perugia,2015-2026,12,U07211,Universita degli Studi di Torino,2007-2025,45,Italy
95,57,U05102,Polytechnic University of Bucharest,2014-2026,53,U07515,University Politechnica of Bucharest,2008-2015,4,Romania
89,57,U08314,University of South Bohemia / Jihočeská Univerzita v Českých Budějovicích,2011-2016,5,U08483,University of West Bohemia,2005-2026,52,Czechia
85,57,U01525,Dhirubhai Ambani Institute of Information and Communication Technology,2020-2025,6,U08790,Vellore Institute of Technology,2014-2026,51,India
86,56,U02076,Gebze Technical University,2016-2026,43,U04098,Middle East Technical University / Orta Doğu Teknik Üniversitesi,2013-2025,13,Turkey
85,56,U08790,Vellore Institute of Technology,2014-2026,51,U08847,Vishwakarma Institute of Technology,2020-2025,5,India
85,56,U00474,"Atal Bihari Vajpayee Indian Institute of Information Technology and Management, Gwalior",2021-2025,5,U08790,Vellore Institute of Technology,2014-2026,51,India
83,55,U00845,Budapest University of Technology and Economics / Budapesti Műszaki és Gazdaságtudományi Egyetem BME,2011-2025,15,U01388,Corvinus University of Budapest,2011-2026,40,Hungary
89,55,U02862,Institut National Polytechnique de Lorraine,2012-2015,3,U02877,Institut Polytechnique de Paris,2010-2026,52,France
85,55,U03690,LNM Institute of Information Technology,2022-2025,4,U08790,Vellore Institute of Technology,2014-2026,51,India
87,55,U06597,"UNIVERSITÉ PARIS-DAUPHINE, UNIVERSITÉ PSL",2011-2014,3,U07369,Universite Paris-Dauphine,2004-2025,52,France
100,55,U01398,Cracow University of Technology,2010-2026,52,U06171,Tadeusz Kościuszko Cracow University of Technology / Politechnika Krakowska Tadeusza Kościuszki,2012-2025,3,Poland
82,54,U07392,Universite d'Angers,2007-2025,25,U07577,University of Angers,2014-2026,29,France
85,54,U03370,KPR Institute of Engineering and Technology,2024-2025,3,U08790,Vellore Institute of Technology,2014-2026,51,India
83,54,U00783,Bogor Agricultural University,2010-2026,42,U02706,IPB University,2017-2026,12,Indonesia
85,54,U04449,National Institute of Technology Delhi,2024-2025,3,U08790,Vellore Institute of Technology,2014-2026,51,India
85,54,U04457,National Institute of Technology Meghalaya,2025-2026,3,U08790,Vellore Institute of Technology,2014-2026,51,India
86,54,U06253,Technical University of Kosice,2007-2026,50,U06254,Technical University of Košice / Technická univerzita v Košiciach,2012-2025,4,Slovakia
84,54,U07188,Universit degli Studi di Perugia,2015-2026,12,U07206,Universita degli Studi di Milano,2007-2025,42,Italy
91,53,U06495,Toulouse Capitole University,2005-2025,47,U07329,"Universite Capitole, Toulouse I",2020-2025,6,France
84,53,U02365,Harvard Medical School,2013-2025,13,U03996,Mayo Medical School,2005-2026,40,United States
90,53,U08654,Université de Caen / Université Caen Normandie (comUE Normandie Université),2017-2025,9,U08655,Université de Caen Basse Normandie,2005-2026,44,France
93,53,U08165,University of Paris Descartes (Paris 5),2003-2019,44,U08166,University of Paris Descartes - Paris V,2014-2019,9,France
85,52,U01962,Fourth Military Medical University,2010-2026,42,U04592,Naval Medical University,2018-2025,10,China
93,52,U01502,Democritus University of Thrace,2014-2026,49,U01503,Demokritos University of Thrace,2011-2013,3,Greece
93,52,U04051,Mendel University in Brno,2009-2026,49,U04052,Mendel University of Agriculture and Forestry Brno / Mendelova Univerzita v Brně,2012-2014,3,Czechia
94,51,U00559,BS Abdur Rahman Crescent Institute of Science and Technology,2020-2025,6,U05472,SRM Institute of Science and Technology,2016-2026,45,India
90,51,U08167,University of Paris Diderot (Paris 7),2003-2019,42,U08168,University of Paris Diderot - Paris VII,2012-2019,9,France
100,51,U06263,Technical University of Ostrava / Vysoká Škola Báňská Technická Univerzita Ostrava,2011-2016,5,U08150,University of Ostrava,2014-2026,46,Czechia
90,51,U04501,National Research University Higher School of Economics,2012-2026,41,U06035,State University - Higher School of Economics,2007-2025,10,Russia
83,51,U02276,HSE University,2011-2026,37,U05514,Saint Petersburg State Electrotechnical University,2018-2025,14,Russia
86,50,U02783,"Indian Institute of Science Education and Research, Pune",2014-2026,46,U02808,Indian Institutes of Science Education and Research (IISERs),2018-2021,4,India
84,50,U07444,Universite de Technologie de Compiegne,2007-2025,31,U08382,University of Technology of Compiègne,2014-2026,19,France
88,50,U06619,UiT The Arctic University of Norway,2011-2026,36,U06620,UiT The Arctic University of Tromso,2014-2025,14,Norway
100,50,U05636,Sechenov First Moscow State Medical University,2017-2025,23,U05638,Sechenov University,2016-2026,27,Russia
88,50,U04571,National University of Sciences & Technology (NUST) Islamabad,2010-2026,29,U04572,National University of Sciences & Technology - Pakistan,2014-2025,21,Pakistan
100,50,U01023,Central European University,2005-2026,41,U01024,Central European University Budapest / Közép-európai Egyetem,2011-2025,9,Hungary
87,49,U04285,NOVA University Lisbon,2010-2026,41,U04623,New University of Lisbon,2005-2025,8,Portugal
83,49,U07660,University of Caen Lower Normandy,2010-2026,29,U07987,University of Lyon,2010-2026,20,France
84,48,U07693,University of Central Missouri,2005-2025,4,U08049,University of Missouri - Mizzou,2007-2026,44,United States
84,48,U02725,Idaho State University,2005-2025,40,U05446,"Rutgers, The State University of New Jersey--Newark",2010-2025,8,United States
88,48,U06398,The University of Texas Southwestern Medical Center (UT Southwestern Medical Center),2016-2026,11,U07910,University of Kansas Medical Center,2004-2026,37,United States
83,48,U04407,National Institute Interdisciplinary Science & Technology - India,2016-2018,3,U05472,SRM Institute of Science and Technology,2016-2026,45,India
87,48,U00689,Beijing Wuzi University,2020-2025,6,U01225,"China University of Geosciences, Beijing",2012-2026,42,China
83,48,U07659,University of Caen,2014-2025,4,U08165,University of Paris Descartes (Paris 5),2003-2019,44,France
83,48,U02276,HSE University,2011-2026,37,U08710,Ural State Medical University,2010-2025,11,Russia
94,47,U02438,Henan Polytech University,2014-2018,4,U02439,Henan Polytechnic University,2010-2026,43,China
88,47,U06587,UNIVERSITY OF MISSOURI ROLLA,2005-2007,3,U08049,University of Missouri - Mizzou,2007-2026,44,United States
87,47,U04285,NOVA University Lisbon,2010-2026,41,U06257,Technical University of Lisbon,2005-2013,6,Portugal
95,47,U01260,Chongqing University of Post and Telecommunications,2020-2025,6,U01261,Chongqing University of Posts & Telecommunications,2010-2026,41,China
83,47,U00504,Autonomous University of Baja California,2014-2026,13,U06658,Universidad Autonoma de Baja California,2011-2025,34,Mexico
83,47,U02276,HSE University,2011-2026,37,U06035,State University - Higher School of Economics,2007-2025,10,Russia
86,46,U02100,Georgia Health Sciences University,2010-2014,5,U08142,University of Oklahoma Health Sciences Center,2005-2026,41,United States
100,46,U01300,"City University of New York, Hunter College",2005-2025,7,U02658,Hunter College,2012-2025,39,United States
82,46,U05125,Pontifical Catholic University of Paraná,2019-2025,7,U05145,Pontificia Universidade Catolica do Parana,2014-2026,39,Brazil
84,46,U01176,Chicago Medical School,2019-2025,6,U03996,Mayo Medical School,2005-2026,40,United States
89,46,U05925,South Western University of Finance & Economics - China,2014-2018,4,U05971,Southwestern University of Finance and Economics,2015-2026,42,China
87,46,U03413,Karadeniz Technical University,2013-2026,38,U03415,Karadeniz Teknik University,2014-2020,8,Turkey
83,46,U07659,University of Caen,2014-2025,4,U08167,University of Paris Diderot (Paris 7),2003-2019,42,France
83,46,U00711,Bengbu Medical University,2024-2025,4,U01962,Fourth Military Medical University,2010-2026,42,China
82,46,U04501,National Research University Higher School of Economics,2012-2026,41,U04960,Pacific National University,2021-2025,5,Russia
84,45,U05616,Sciences Po,2005-2026,37,U08625,Université Montpellier II Sciences et Techniques du Languedoc,2007-2014,8,France
82,45,U01471,Darmstadt University of Technology,2005-2026,38,U01982,Freiberg University of Mining and Technology,2019-2025,7,Germany
82,45,U05894,Sonoma State University,2005-2025,27,U06049,State University of New York Health Science Center at Brooklyn,2003-2022,18,United States
96,45,U06511,Transilvania University of Brasov,2012-2026,33,U06513,Transylvania University of Brasov,2014-2025,12,Romania
84,45,U00197,"AgroParisTech, Institut des Sciences et Industries du Vivant et de l'Environnement",2013-2025,8,U05616,Sciences Po,2005-2026,37,France
83,44,U02276,HSE University,2011-2026,37,U03624,Kuban State Agrarian University,2020-2025,7,Russia
83,44,U02276,HSE University,2011-2026,37,U03651,Kuzbass State Technical University,2020-2025,7,Russia
83,44,U01433,Dagestan State University,2020-2025,7,U02276,HSE University,2011-2026,37,Russia
83,44,U01588,Dubna State University,2020-2025,7,U02276,HSE University,2011-2026,37,Russia
83,44,U02276,HSE University,2011-2026,37,U06476,Tomsk State Pedagogical University,2019-2025,7,Russia
83,44,U02276,HSE University,2011-2026,37,U04888,Orenburg State University,2020-2025,7,Russia
97,44,U03685,L. N. Gumilov Eurasian National University,2020-2025,7,U03687,L.N. Gumilyov Eurasian National University,2010-2026,37,Kazakhstan
83,44,U02276,HSE University,2011-2026,37,U05434,Russian State Social University,2020-2025,7,Russia
83,44,U02276,HSE University,2011-2026,37,U04217,Moscow State University of Medicine and Dentistry,2020-2025,7,Russia
87,44,U00097,AGH University of Science & Technology / Akademia Górniczo-Hutnicza Stanisława Staszica w Krakowie,2011-2025,15,U03842,Lublin University of Technology,2014-2026,29,Poland
83,44,U02276,HSE University,2011-2026,37,U05519,Saint Petersburg State University of Architecture and Civil Engineering,2020-2025,7,Russia
84,44,U05938,Southern Illinois University Carbondale,2003-2025,40,U05944,Southern Oregon University,2005-2025,4,United States
83,44,U02276,HSE University,2011-2026,37,U06196,Tambov State Technical University,2020-2025,7,Russia
83,44,U02276,HSE University,2011-2026,37,U06445,Togliatti State University,2020-2025,7,Russia
83,44,U02276,HSE University,2011-2026,37,U09100,Yaroslavl State University,2020-2025,7,Russia
83,44,U02276,HSE University,2011-2026,37,U04214,Moscow State Technological University Stankin,2020-2025,7,Russia
83,44,U02276,HSE University,2011-2026,37,U03081,Irkutsk State Technical University,2020-2025,7,Russia
83,44,U02276,HSE University,2011-2026,37,U03627,Kuban State University,2020-2025,7,Russia
83,44,U02276,HSE University,2011-2026,37,U06629,Ulyanovsk State University,2020-2025,7,Russia
83,43,U02276,HSE University,2011-2026,37,U03377,Kabardino-Balkarian State University,2020-2025,6,Russia
83,43,U02276,HSE University,2011-2026,37,U04200,"Moscow Aviation Institute, State University of Aerospace Technologies",2020-2025,6,Russia
84,43,U02867,Institut National des Sciences Appliquees de Rouen,2020-2025,6,U05616,Sciences Po,2005-2026,37,France
83,43,U02276,HSE University,2011-2026,37,U03625,Kuban State Medical University,2020-2025,6,Russia
83,43,U02276,HSE University,2011-2026,37,U04887,Orel State University,2020-2025,6,Russia
83,43,U02276,HSE University,2011-2026,37,U04745,Northern Arctic Federal University,2020-2025,6,Russia
83,43,U02276,HSE University,2011-2026,37,U03626,Kuban State Technological University,2020-2025,6,Russia
83,43,U02276,HSE University,2011-2026,37,U04257,N.I. Lobachevsky State University of Nizhni Novgorod,2020-2025,6,Russia
83,43,U02276,HSE University,2011-2026,37,U03642,Kursk State Medical University,2021-2025,6,Russia
83,43,U02276,HSE University,2011-2026,37,U04799,Novosibirsk State Medical University,2020-2025,6,Russia
83,43,U02276,HSE University,2011-2026,37,U06197,Tambov State University,2020-2025,6,Russia
83,43,U02276,HSE University,2011-2026,37,U03080,Irkutsk State Medical University,2020-2025,6,Russia
83,43,U02276,HSE University,2011-2026,37,U04255,N. P. Ogarev's Mordovian State University,2020-2025,6,Russia
83,43,U02276,HSE University,2011-2026,37,U08871,Vyatka State University,2020-2025,6,Russia
83,43,U02276,HSE University,2011-2026,37,U06041,State University of Management,2021-2025,6,Russia
83,43,U02276,HSE University,2011-2026,37,U08855,Vladimir State University,2020-2025,6,Russia
83,43,U02276,HSE University,2011-2026,37,U06008,St Petersburg State University of Aerospace Instrumentation,2020-2025,6,Russia
83,43,U02276,HSE University,2011-2026,37,U05950,Southern Ural State University,2020-2025,6,Russia
83,43,U02276,HSE University,2011-2026,37,U05813,Siberian State Industrial University,2020-2025,6,Russia
97,43,U04057,Menofia University,2014-2026,19,U04058,Menoufia University,2018-2026,24,Egypt
83,43,U02276,HSE University,2011-2026,37,U06628,Ulyanovsk State Technical University,2020-2025,6,Russia
83,43,U00698,Belgorod State Technological University,2020-2025,6,U02276,HSE University,2011-2026,37,Russia
83,43,U02276,HSE University,2011-2026,37,U05034,Peoples'Friendship University of Russia,2020-2025,6,Russia
84,43,U00789,Bordeaux Sciences Agro,2020-2025,6,U05616,Sciences Po,2005-2026,37,France
83,43,U01283,Chuvash State University,2020-2025,6,U02276,HSE University,2011-2026,37,Russia
83,43,U01420,D. Mendeleev University of Chemical Technology,2020-2025,6,U02276,HSE University,2011-2026,37,Russia
83,43,U02276,HSE University,2011-2026,37,U06543,Tver State University,2020-2025,6,Russia
83,43,U02276,HSE University,2011-2026,37,U05393,Rostov State University of Economics,2020-2025,6,Russia
83,43,U02276,HSE University,2011-2026,37,U05392,Rostov State Transport University,2020-2025,6,Russia
83,43,U02276,HSE University,2011-2026,37,U05391,Rostov State Medical University,2020-2025,6,Russia
83,43,U01763,Emperor Alexander I St. Petersburg State Transport University,2020-2025,6,U02276,HSE University,2011-2026,37,Russia
84,43,U01721,Ecole Superieure des Sciences Economiques et Commerciales,2020-2025,6,U05616,Sciences Po,2005-2026,37,France
83,43,U01165,Cherepovets State University,2020-2025,6,U02276,HSE University,2011-2026,37,Russia
83,42,U02276,HSE University,2011-2026,37,U05517,Saint Petersburg State Polytechnic University,2013-2020,5,Russia
83,42,U02276,HSE University,2011-2026,37,U06024,St. Petersburg State Marine Technical University,2021-2025,5,Russia
83,42,U02276,HSE University,2011-2026,37,U05113,Polzunov Altai State Technical University,2020-2025,5,Russia
83,42,U02276,HSE University,2011-2026,37,U04960,Pacific National University,2021-2025,5,Russia
83,42,U02276,HSE University,2011-2026,37,U06066,Stavropol State Medical University,2021-2025,5,Russia
83,42,U02276,HSE University,2011-2026,37,U03462,Kazan National Research Technical University named after AN Tupolev,2021-2025,5,Russia
83,42,U02276,HSE University,2011-2026,37,U04218,Moscow State University of Psychology and Education,2022-2025,5,Russia
84,42,U04189,"Montpellier SupAgro, Centre International d'Etudes Superieures en Sciences Agronomiques",2020-2024,5,U05616,Sciences Po,2005-2026,37,France
85,42,U06255,Technical University of Liberec,2014-2026,37,U06263,Technical University of Ostrava / Vysoká Škola Báňská Technická Univerzita Ostrava,2011-2016,5,Czechia
83,42,U02276,HSE University,2011-2026,37,U08712,Ural State University of Economics,2020-2025,5,Russia
83,42,U02276,HSE University,2011-2026,37,U06612,Udmurt State University,2020-2024,5,Russia
83,42,U01565,Dostoevsky Omsk State University,2021-2025,5,U02276,HSE University,2011-2026,37,Russia
83,42,U02219,Gubkin University,2021-2025,5,U02276,HSE University,2011-2026,37,Russia
84,42,U02782,"Indian Institute of Science Education and Research, Kolkata",2017-2026,38,U02808,Indian Institutes of Science Education and Research (IISERs),2018-2021,4,India
84,42,U00199,"AgroSup Dijon, Institut National Superieur des Sciences Agronomiques, de l'Alimentation et de l'Environnement",2020-2024,5,U05616,Sciences Po,2005-2026,37,France
83,42,U02276,HSE University,2011-2026,37,U03797,Lipetsk State Technical University,2021-2025,5,Russia
84,41,U05616,Sciences Po,2005-2026,37,U09234,École Nationale Supérieure des Sciences de l'Information et des Bibliotheques,2008-2011,4,France
88,41,U05468,SOAS University of London,2011-2026,35,U05610,School of Advanced Study University of London,2012-2025,6,United Kingdom
83,41,U02276,HSE University,2011-2026,37,U06113,Surgut State University,2021-2024,4,Russia
83,41,U02276,HSE University,2011-2026,37,U06065,Stavropol State Agrarian University,2021-2024,4,Russia
83,41,U02276,HSE University,2011-2026,37,U08867,Voronezh State University of Engineering Technology,2022-2025,4,Russia
85,41,U00097,AGH University of Science & Technology / Akademia Górniczo-Hutnicza Stanisława Staszica w Krakowie,2011-2025,15,U05452,Rzeszow University of Technology,2014-2026,26,Poland
83,41,U02276,HSE University,2011-2026,37,U04213,Moscow State Regional University,2021-2024,4,Russia
91,41,U06354,The Education University of Hong Kong,2017-2026,38,U06381,The Open University of Hong Kong,2020-2022,3,Hong Kong
83,41,U02276,HSE University,2011-2026,37,U05449,Ryazan State Radio Engineering University,2020-2023,4,Russia
83,41,U00472,Astrakhan State Medical University,2021-2025,4,U02276,HSE University,2011-2026,37,Russia
83,41,U02276,HSE University,2011-2026,37,U05432,Russian State Hydrometeorological University,2021-2024,4,Russia
83,41,U01554,Dong-A University,2010-2025,36,U09132,Youngsan University,2021-2025,5,South Korea
83,41,U02276,HSE University,2011-2026,37,U06542,Tver State Technical University,2022-2025,4,Russia
83,41,U02276,HSE University,2011-2026,37,U04859,Omsk State Medical University,2022-2025,4,Russia
84,41,U05609,School for Advanced Studies in the Social Sciences,2020-2023,4,U05616,Sciences Po,2005-2026,37,France
83,41,U02276,HSE University,2011-2026,37,U04754,Northern State Medical University,2022-2025,4,Russia
83,40,U00835,Bryansk State Technical University,2021-2023,3,U02276,HSE University,2011-2026,37,Russia
97,40,U03687,L.N. Gumilyov Eurasian National University,2010-2026,37,U03689,LN Gumilyov Eurasian National University,2014-2017,3,Kazakhstan
96,40,U02375,Hassan II University of Casablanca,2018-2026,35,U07685,University of Casablanca Hassan 2,2019-2025,5,Morocco
88,40,U00943,Campus Bio-Medico University of Rome,2014-2026,33,U07190,Universita Campus Bio-Medico di Roma,2020-2025,7,Italy
85,40,U04240,Muroran Institute of Technology,2011-2026,30,U04420,National Institute of Advanced Industrial Science and Technology (AIST),2016-2026,10,Japan
84,40,U02868,Institut National des Sciences Appliquees de Strasbourg,2023-2025,3,U05616,Sciences Po,2005-2026,37,France
83,40,U02276,HSE University,2011-2026,37,U03393,Kalashnikov Izhevsk State Technical University,2021-2023,3,Russia
83,40,U02276,HSE University,2011-2026,37,U08858,Volga State University of Technology,2020-2022,3,Russia
83,40,U02276,HSE University,2011-2026,37,U05865,Sirius University of Science and Technology,2024-2025,3,Russia
84,40,U03716,Lanzhou Jiaotong University,2013-2025,32,U09049,Xian Jiao Tong University,2010-2017,8,China
83,40,U02276,HSE University,2011-2026,37,U05539,Samara State University of Economics,2023-2025,3,Russia
83,40,U02276,HSE University,2011-2026,37,U04054,Mendeleyev University of Chemical Technology,2014-2018,3,Russia
94,40,U02030,GH Asachi Technical University,2014-2025,15,U02120,Gheorghe Asachi Technical University of Iaşi,2011-2026,25,Romania
83,40,U00369,Amur State University,2021-2023,3,U02276,HSE University,2011-2026,37,Russia
83,40,U02276,HSE University,2011-2026,37,U03468,Kazan State University of Architecture and Engineering,2021-2023,3,Russia
83,40,U01874,Far Eastern State Transport University,2020-2022,3,U02276,HSE University,2011-2026,37,Russia
83,40,U02276,HSE University,2011-2026,37,U06478,Tomsk State University of Architecture and Building,2020-2023,3,Russia
84,40,U05003,ParisTech Institut des Sciences et Technologies de Paris,2020-2025,3,U05616,Sciences Po,2005-2026,37,France
83,40,U02276,HSE University,2011-2026,37,U04216,Moscow State University of Food Production,2022-2024,3,Russia
87,39,U03842,Lublin University of Technology,2014-2026,29,U05838,Silesian University of Technology in Gliwice / Politechnika Śląska w Gliwicach,2014-2025,10,Poland
86,39,U00369,Amur State University,2021-2023,3,U05922,South Ural State University,2018-2026,36,Russia
86,39,U07188,Universit degli Studi di Perugia,2015-2026,12,U08589,Università degli Studi di Palermo,2007-2025,27,Italy
91,39,U08818,Vietnam National University Hochiminh City,2014-2026,17,U08823,"Vietnam National University, Ho Chi Minh City",2019-2026,22,Vietnam
84,39,U00688,Beijing University of Technology (Beijing Polytechnic University) / 北京工业大学,2013-2025,11,U06425,Tianjin Polytechnic University,2011-2026,28,China
84,39,U06364,The Hong Kong Polytechnic University (PolyU),2016-2026,11,U06425,Tianjin Polytechnic University,2011-2026,28,China
85,39,U08022,University of Medicine and Dentistry New Jersey,2003-2014,31,U08096,University of New Haven,2020-2025,8,United States
82,39,U04196,Morgan State University,2019-2025,21,U06049,State University of New York Health Science Center at Brooklyn,2003-2022,18,United States
88,38,U02922,Institute of Education University of London,2014-2015,3,U05468,SOAS University of London,2011-2026,35,United Kingdom
96,38,U08111,University of North British Columbia,2014-2021,7,U08126,University of Northern British Columbia,2005-2026,31,Canada
83,38,U06345,Thapar University,2013-2025,12,U08748,VIT University,2016-2025,26,India
82,37,U07454,Universite des Sciences et de la Technologie Houari Boumediene,2020-2025,10,U07524,University Science & Technology Houari Boumediene,2013-2026,27,Algeria
100,37,U02025,G d'Annunzio University of Chieti-Pescara,2014-2026,28,U07703,University of Chieti-Pescara,2018-2026,9,Italy
83,37,U01604,Duzce University,2010-2026,31,U09224,Çağ University,2019-2025,6,Turkey
100,37,U00622,Baruch College,2010-2025,24,U01297,"City University of New York, Baruch College",2013-2025,13,United States
86,37,U08080,University of Natural Resources and Life Sciences - BOKU,2015-2017,3,U08081,"University of Natural Resources and Life Sciences, Vienna",2011-2026,34,Austria
88,37,U00097,AGH University of Science & Technology / Akademia Górniczo-Hutnicza Stanisława Staszica w Krakowie,2011-2025,15,U04875,Opole University of Technology,2015-2026,22,Poland
84,37,U08166,University of Paris Descartes - Paris V,2014-2019,9,U08631,Université Paris Descartes,2010-2019,28,France
87,37,U04942,PLA University of Science and Technology,2010-2021,10,U09076,Xuzhou University of Technology,2018-2026,27,China
100,37,U04533,National Technical University of Ukraine,2012-2017,5,U04534,"National Technical University of Ukraine ""Igor Sikorsky Kyiv Polytechnic Institute""",2010-2026,32,Ukraine
87,37,U09242,École Normale Supérieure Cachan,2007-2020,13,U09262,École normale supérieure Paris-Saclay,2011-2025,24,France
94,37,U00258,Al-Imam Muhammad Ibn Saud Islamic University,2019-2025,13,U02740,Imam Mohammad Ibn Saud Islamic University,2011-2026,24,Saudi Arabia
83,37,U01106,Cha University,2014-2025,32,U09132,Youngsan University,2021-2025,5,South Korea
88,36,U02605,Hubei Polytechnic University,2020-2025,8,U06425,Tianjin Polytechnic University,2011-2026,28,China
92,36,U04995,Paris Diderot University – Paris 7,2011-2019,27,U08168,University of Paris Diderot - Paris VII,2012-2019,9,France
89,36,U02777,Indian Institute of Science Education & Research (IISER) - Bhopal,2014-2025,32,U02808,Indian Institutes of Science Education and Research (IISERs),2018-2021,4,India
85,36,U05452,Rzeszow University of Technology,2014-2026,26,U05838,Silesian University of Technology in Gliwice / Politechnika Śląska w Gliwicach,2014-2025,10,Poland
87,35,U00840,Bucharest Academy of Economic Studies,2010-2025,14,U00841,Bucharest University of Economic Studies,2015-2026,21,Romania
86,35,U03149,Istanbul Aydin University,2019-2026,32,U03160,Istanbul Teknik University,2014-2017,3,Turkey
84,35,U04531,National Technical University Kharkiv Polytechnic Institute,2012-2026,30,U04533,National Technical University of Ukraine,2012-2017,5,Ukraine
82,35,U05446,"Rutgers, The State University of New Jersey--Newark",2010-2025,8,U05894,Sonoma State University,2005-2025,27,United States
82,35,U04960,Pacific National University,2021-2025,5,U05535,Samara National Research University,2017-2026,30,Russia
88,35,U03462,Kazan National Research Technical University named after AN Tupolev,2021-2025,5,U05535,Samara National Research University,2017-2026,30,Russia
87,34,U03842,Lublin University of Technology,2014-2026,29,U09004,Wroclaw University of Technology / Politechnika Wrocławska,2011-2016,5,Poland
95,34,U06796,Universidad Nacional de Tucuman,2013-2026,22,U06797,Universidad Nacional de Tucumà¡n,2011-2024,12,Argentina
85,34,U00681,Beijing Union University,2017-2025,17,U01227,"China University of Mining and Technology, Beijing",2020-2026,17,China
95,34,U03346,Josip Juraj Strossmayer University of Osijek,2010-2026,19,U07895,University of JJ Strossmayer Osijek,2014-2025,15,Croatia
88,34,U05911,South Central Minzu University,2022-2025,9,U05912,South Central University for Nationalities,2011-2025,25,China
97,34,U00209,Ahvaz Jondishapur University of Medical Sciences,2024-2026,3,U00210,Ahvaz Jundishapur University of Medical Sciences,2017-2026,31,Iran
88,34,U01359,Comillas Pontifical University,2017-2026,27,U06823,Universidad Pontificia Comillas,2020-2025,7,Spain
86,34,U03727,Laurentian University,2014-2025,30,U07351,Universite Laurentienne,2011-2015,4,Canada
83,34,U00151,Acibadem University,2014-2026,28,U09224,Çağ University,2019-2025,6,Turkey
86,34,U04764,Northwest Minzu University,2020-2025,7,U04768,Northwest University (China),2013-2026,27,China
100,34,U02700,INSEAD,2007-2025,30,U02701,INSEAD Business School / Institut Européen d’Administration des Affaires (comUE Sorbonne Universités),2018-2025,4,France
98,34,U05184,Princess Nourah bint Abdul Rahman University,2021-2025,5,U05185,Princess Nourah bint Abdulrahman University,2019-2026,29,Saudi Arabia
95,33,U03865,Lviv Polytech National University,2017-2022,6,U03866,Lviv Polytechnic National University,2016-2026,27,Ukraine
100,33,U08631,Université Paris Descartes,2010-2019,28,U08668,Université de Paris (IPGP Descartes Diderot),2021-2025,5,France
97,33,U05669,Shahid Chamran University of Ahvaz,2013-2025,29,U05670,Shahid Chamran University of Ahwaz,2020-2023,4,Iran
83,33,U07987,University of Lyon,2010-2026,20,U08214,University of Provence (Aix-Marseille 1),2003-2013,13,France
100,33,U04695,Normandy University,2018-2021,4,U07660,University of Caen Lower Normandy,2010-2026,29,France
82,33,U04992,Paracelsus Medizinische Privatuniversitat,2020-2025,7,U04993,Paracelsus Private Medical University,2014-2026,26,Austria
83,33,U06199,Tamil Nadu Dr. M.G.R. Medical University,2019-2025,7,U08748,VIT University,2016-2025,26,India
100,33,U07659,University of Caen,2014-2025,4,U07660,University of Caen Lower Normandy,2010-2026,29,France
83,33,U05303,Rajiv Gandhi University of Health Sciences,2019-2025,7,U08748,VIT University,2016-2025,26,India
87,32,U03842,Lublin University of Technology,2014-2026,29,U06171,Tadeusz Kościuszko Cracow University of Technology / Politechnika Krakowska Tadeusza Kościuszki,2012-2025,3,Poland
88,32,U04875,Opole University of Technology,2015-2026,22,U05838,Silesian University of Technology in Gliwice / Politechnika Śląska w Gliwicach,2014-2025,10,Poland
83,32,U05319,Recep Tayyip Erdogan University,2012-2026,26,U09224,Çağ University,2019-2025,6,Turkey
88,32,U02178,Grenoble INP / Institut polytechnique de Grenoble (Communauté Université Grenoble Alpes),2017-2025,9,U02861,Institut National Polytechnique de Grenoble,2007-2025,23,France
83,32,U09202,Zonguldak Bulent Ecevit University,2012-2026,26,U09224,Çağ University,2019-2025,6,Turkey
82,32,U05107,Polytechnic University of Timisoara,2014-2026,29,U07308,Universitatea Politehnica Timisoara,2015-2025,3,Romania
97,32,U00239,Al Jouf University,2019-2026,26,U00300,Aljouf University,2020-2025,6,Saudi Arabia
86,32,U00399,Anna University Chennai,2012-2025,21,U03366,KL University,2020-2025,11,India
85,32,U06395,The University of New Mexico - Albuquerque,2003-2025,24,U08096,University of New Haven,2020-2025,8,United States
83,31,U01627,ESSEC Business School,2011-2025,19,U04187,Montpellier Business School,2020-2026,12,France
85,31,U05452,Rzeszow University of Technology,2014-2026,26,U09004,Wroclaw University of Technology / Politechnika Wrocławska,2011-2016,5,Poland
82,31,U08811,Viet Nam National University Ho Chi Minh City (VNU-HCM),2018-2026,9,U08823,"Vietnam National University, Ho Chi Minh City",2019-2026,22,Vietnam
100,31,U05592,Sathyabama Institute of Science and Technology,2016-2026,25,U05593,Sathyabama Institute of Science and Technology (Deemed to be University),2022-2026,6,India
82,31,U00829,Brooklyn College (CUNY),2005-2025,24,U01298,"City University of New York, Brooklyn College",2020-2025,7,United States
83,31,U03156,Istanbul Medeniyet University,2017-2026,25,U09224,Çağ University,2019-2025,6,Turkey
85,31,U05522,Saints Cyril & Methodius University of Skopje,2017-2026,18,U05998,Ss. Cyril and Methodius University in Skopje,2019-2025,13,North Macedonia
94,30,U00519,Avignon Universite,2019-2025,17,U07394,Universite d'Avignon,2014-2025,13,France
82,30,U05746,Shaoxing University,2013-2025,26,U06525,Tsing Hua University,2004-2014,4,China
82,30,U04535,National Textile University,2020-2026,9,U04572,National University of Sciences & Technology - Pakistan,2014-2025,21,Pakistan
84,30,U06049,State University of New York Health Science Center at Brooklyn,2003-2022,18,U08915,Weber State University,2005-2025,12,United States
83,30,U00709,Bengal Engineering and Science University,2010-2015,4,U08748,VIT University,2016-2025,26,India
83,29,U05198,Pt. Ravishankar Shukla University,2017-2021,3,U08748,VIT University,2016-2025,26,India
89,29,U04030,Mediterranean University of Reggio Calabria,2019-2024,6,U07194,Universita Mediterranea di Reggio Calabria,2010-2025,23,Italy
82,29,U04196,Morgan State University,2019-2025,21,U05441,Rutgers State University,2004-2017,8,United States
86,29,U02100,Georgia Health Sciences University,2010-2014,5,U06334,Texas Tech University Health Sciences Center,2008-2025,24,United States
86,29,U05041,Perm State University,2017-2026,24,U05517,Saint Petersburg State Polytechnic University,2013-2020,5,Russia
86,29,U00857,Bursa Technical University,2020-2026,16,U04098,Middle East Technical University / Orta Doğu Teknik Üniversitesi,2013-2025,13,Turkey
85,29,U05452,Rzeszow University of Technology,2014-2026,26,U06171,Tadeusz Kościuszko Cracow University of Technology / Politechnika Krakowska Tadeusza Kościuszki,2012-2025,3,Poland
83,29,U06793,"Universidad Nacional de San Martin, Argentina",2018-2026,17,U06797,Universidad Nacional de Tucumà¡n,2011-2024,12,Argentina
85,29,U06794,Universidad Nacional de San Martn (UNSAM),2019-2025,7,U06796,Universidad Nacional de Tucuman,2013-2026,22,Argentina
84,29,U01634,East China Institute of Technology,2014-2025,8,U01638,East China University of Technology,2017-2025,21,China
84,29,U00320,Altai State University,2018-2026,24,U05517,Saint Petersburg State Polytechnic University,2013-2020,5,Russia
82,29,U04196,Morgan State University,2019-2025,21,U05446,"Rutgers, The State University of New Jersey--Newark",2010-2025,8,United States
97,28,U04245,Mustansiriya University,2020-2025,7,U04246,Mustansiriyah University,2018-2026,21,Iraq
96,28,U00194,Agro ParisTech,2010-2026,17,U00195,AgroParisTech,2018-2025,11,France
84,28,U00365,Amrita University,2015-2025,18,U02033,GITAM University,2017-2026,10,India
92,28,U02054,Gangneung-Wonju National University,2015-2025,16,U03403,Kangnung Wonju National University,2014-2025,12,South Korea
89,28,U04058,Menoufia University,2018-2026,24,U04139,Minufiya University,2010-2015,4,Egypt
88,28,U00973,Cardiff Metropolitan University,2015-2026,24,U03745,Leeds Metropolitan University,2010-2016,4,United Kingdom
96,28,U05168,Prague University of Economics and Business,2013-2026,17,U07765,University of Economics - Prague,2007-2020,11,Czechia
84,28,U06006,St Petersburg Academic University,2014-2025,19,U06007,St Petersburg Electrotechnical University (LETI),2018-2026,9,Russia
83,28,U03780,Lille 2 University of Health and Law,2010-2017,8,U07987,University of Lyon,2010-2026,20,France
82,28,U04241,Murray State University,2005-2025,10,U06049,State University of New York Health Science Center at Brooklyn,2003-2022,18,United States
84,28,U03157,Istanbul Medipol University,2018-2026,25,U03160,Istanbul Teknik University,2014-2017,3,Turkey
83,27,U03189,Izmir Katip Celebi University,2015-2026,21,U09224,Çağ University,2019-2025,6,Turkey
100,27,U00887,CINVESTAV,2018-2025,7,U01102,Centro de Investigación y de Estudios Avanzados del IPN CINVESTAV,2012-2025,20,Mexico
88,27,U02917,Institute of Cancer Research University of London,2016-2025,17,U08487,University of West London,2020-2026,10,United Kingdom
83,27,U00399,Anna University Chennai,2012-2025,21,U04937,PES University,2020-2025,6,India
83,27,U02132,Goa University,2017-2026,20,U06199,Tamil Nadu Dr. M.G.R. Medical University,2019-2025,7,India
83,27,U02132,Goa University,2017-2026,20,U05303,Rajiv Gandhi University of Health Sciences,2019-2025,7,India
82,27,U03292,Jichi Medical School,2003-2025,12,U03452,Kawasaki Medical School,2014-2025,15,Japan
83,27,U07987,University of Lyon,2010-2026,20,U08439,University of Upper Alsace,2019-2025,7,France
88,27,U04875,Opole University of Technology,2015-2026,22,U09004,Wroclaw University of Technology / Politechnika Wrocławska,2011-2016,5,Poland
85,27,U00901,CUNY Graduate Center,2017-2025,12,U01302,"City University of New York, The Graduate Center",2018-2026,15,United States
84,27,U00097,AGH University of Science & Technology / Akademia Górniczo-Hutnicza Stanisława Staszica w Krakowie,2011-2025,15,U03608,Koszalin University of Technology,2020-2025,12,Poland
82,27,U05517,Saint Petersburg State Polytechnic University,2013-2020,5,U06547,Tyumen State University,2020-2026,22,Russia
88,27,U06258,"Technical University of Malaysia, Melaka",2020-2025,6,U07525,University Teknikal Malaysia Melaka,2017-2026,21,Malaysia
83,27,U00397,Ankara Yildirim Beyazit University,2017-2026,21,U09224,Çağ University,2019-2025,6,Turkey
82,27,U06398,The University of Texas Southwestern Medical Center (UT Southwestern Medical Center),2016-2026,11,U08048,University of Mississippi Medical Center,2014-2025,16,United States
83,26,U03400,Kanazawa Institute of Technology,2010-2025,16,U04420,National Institute of Advanced Industrial Science and Technology (AIST),2016-2026,10,Japan
82,26,U02482,Hiroshima Institute of Technology,2018-2025,16,U04420,National Institute of Advanced Industrial Science and Technology (AIST),2016-2026,10,Japan
82,26,U07590,University of Artois,2017-2025,4,U08272,University of Savoy,2014-2026,22,France
85,26,U01627,ESSEC Business School,2011-2025,19,U03362,KEDGE Business School,2020-2025,7,France
83,26,U07494,University College of Southeast Norway,2017-2024,9,U08332,University of South-Eastern Norway,2019-2025,17,Norway
85,26,U06049,State University of New York Health Science Center at Brooklyn,2003-2022,18,U08096,University of New Haven,2020-2025,8,United States
96,26,U01420,D. Mendeleev University of Chemical Technology,2020-2025,6,U04053,Mendeleev University of Chemical Technology of Russia,2019-2026,20,Russia
87,26,U00097,AGH University of Science & Technology / Akademia Górniczo-Hutnicza Stanisława Staszica w Krakowie,2011-2025,15,U03515,Kielce University of Technology,2020-2025,11,Poland
87,26,U05012,Paul Valéry University Montpellier,2011-2026,15,U07376,"Universite Paul Valery, Montpellier III",2014-2025,11,France
84,26,U05013,Pavlov First Saint Petersburg State Medical University,2018-2026,21,U05517,Saint Petersburg State Polytechnic University,2013-2020,5,Russia
83,26,U04698,North Carolina A&T State University,2014-2025,20,U08112,University of North Carolina Asheville,2005-2025,6,United States
88,25,U03049,"International Islamic University, Islamabad",2019-2026,19,U03050,"International Islamic University, Pakistan",2022-2025,6,Pakistan
94,25,U04721,North West Agriculture and Forestry University,2016-2026,11,U04762,Northwest Agriculture & Forestry University,2014-2026,14,China
84,25,U08479,University of Washington Tacoma,2017-2025,9,U08909,Washington and Lee University,2005-2025,16,United States
86,25,U02680,IE University,2019-2026,16,U06243,Technical University of Cartagena,2019-2026,9,Spain
92,25,U03055,International School for Advanced Studies / Scuola Internazionale Superiore di Studi Avanzati SISSA di Trieste,2014-2025,12,U05623,Scuola Internazionale Superiore di Studi Avanzati (SISSA),2017-2025,13,Italy
88,25,U04875,Opole University of Technology,2015-2026,22,U06171,Tadeusz Kościuszko Cracow University of Technology / Politechnika Krakowska Tadeusza Kościuszki,2012-2025,3,Poland
87,25,U05132,Pontificia Universidad Catolica Argentina Santa Maria de los Buenos Aires,2010-2025,7,U05136,Pontificia Universidad Católica Argentina,2011-2026,18,Argentina
93,25,U04698,North Carolina A&T State University,2014-2025,20,U04699,North Carolina Agricultural & Technical State University,2010-2025,5,United States
100,25,U08640,Université Sorbonne Paris Nord,2011-2026,22,U08669,Université de Paris 13 / Université Paris XIII Nord (comUE Université Sorbonne Paris Cité),2017-2019,3,France
83,25,U02034,GLA University,2020-2026,18,U06199,Tamil Nadu Dr. M.G.R. Medical University,2019-2025,7,India
94,25,U00954,Canakkale Onsekiz Mart Universitesi,2020-2025,6,U00955,Canakkale Onsekiz Mart University,2014-2026,19,Turkey
83,25,U01776,Erzurum Technical University,2020-2026,12,U04098,Middle East Technical University / Orta Doğu Teknik Üniversitesi,2013-2025,13,Turkey
83,25,U02034,GLA University,2020-2026,18,U05303,Rajiv Gandhi University of Health Sciences,2019-2025,7,India
83,25,U00955,Canakkale Onsekiz Mart University,2014-2026,19,U06159,TED University,2021-2025,6,Turkey
85,24,U03844,Lucian Blaga University of Sibiu,2018-2026,18,U07306,Universitatea Lucian Blaga din Sibiu,2020-2025,6,Romania
83,24,U01292,City University of Hong Kong (CityU),2016-2026,11,U02633,Hunan City University,2020-2025,13,China
88,24,U02778,Indian Institute of Science Education & Research (IISER) - Mohali,2014-2025,20,U02808,Indian Institutes of Science Education and Research (IISERs),2018-2021,4,India
82,24,U01923,Ferris State University,2005-2025,4,U04698,North Carolina A&T State University,2014-2025,20,United States
83,24,U02024,G B Pant University of Agriculture & Technology,2010-2018,4,U02132,Goa University,2017-2026,20,India
83,24,U01423,DIT University,2020-2026,12,U06345,Thapar University,2013-2025,12,India
82,24,U04698,North Carolina A&T State University,2014-2025,20,U06523,Truman State University,2005-2025,4,United States
83,24,U00709,Bengal Engineering and Science University,2010-2015,4,U02132,Goa University,2017-2026,20,India
84,24,U02400,Hebei North University,2020-2025,13,U04721,North West Agriculture and Forestry University,2016-2026,11,China
88,24,U02211,Guangxi University of Science & Technology,2020-2025,14,U04942,PLA University of Science and Technology,2010-2021,10,China
82,24,U02066,Gazi Üniversitesi,2016-2026,11,U04098,Middle East Technical University / Orta Doğu Teknik Üniversitesi,2013-2025,13,Turkey
90,24,U08350,University of St Thomas Minnesota,2014-2025,10,U08351,University of St. Thomas,2005-2025,14,United States
83,24,U06793,"Universidad Nacional de San Martin, Argentina",2018-2026,17,U06794,Universidad Nacional de San Martn (UNSAM),2019-2025,7,Argentina
86,24,U00399,Anna University Chennai,2012-2025,21,U05470,SR University,2025-2026,3,India
83,24,U01627,ESSEC Business School,2011-2025,19,U05334,Rennes School of Business,2021-2025,5,France
85,24,U07445,Universite de Technologie de Troyes,2015-2025,15,U08383,University of Technology of Troyes,2016-2026,9,France
83,24,U02621,Hue University,2019-2026,20,U08816,Vietnam National University Hanoi / Đại học Quốc gia Hà Nội,2021-2025,4,Vietnam
83,23,U06791,Universidad Nacional de San Juan,2017-2025,11,U06797,Universidad Nacional de Tucumà¡n,2011-2024,12,Argentina
85,23,U05124,Pontifical Catholic University of Minas Gerais,2019-2026,8,U05144,Pontificia Universidade Catolica de Minas Gerais,2017-2025,15,Brazil
88,23,U05514,Saint Petersburg State Electrotechnical University,2018-2025,14,U06007,St Petersburg Electrotechnical University (LETI),2018-2026,9,Russia
85,23,U04592,Naval Medical University,2018-2025,10,U05244,Qiqihar Medical University,2020-2025,13,China
84,23,U00620,Bartin University,2017-2026,19,U01880,Fatih University,2010-2015,4,Turkey
83,23,U05571,Sant Anna School of Advanced Studies,2024-2026,3,U05578,Sant’Anna School of Advanced Studies – Pisa,2015-2026,20,Italy
86,23,U03416,Karaganda Buketov University,2011-2026,20,U03418,Karaganda State University,2010-2022,3,Kazakhstan
83,23,U05687,Shandong Jiaotong University,2017-2025,15,U09049,Xian Jiao Tong University,2010-2017,8,China
91,23,U04053,Mendeleev University of Chemical Technology of Russia,2019-2026,20,U04054,Mendeleyev University of Chemical Technology,2014-2018,3,Russia
82,23,U03949,Manipal University,2013-2025,19,U05006,Parul University,2025-2026,4,India
87,23,U00689,Beijing Wuzi University,2020-2025,6,U01227,"China University of Mining and Technology, Beijing",2020-2026,17,China
85,23,U01627,ESSEC Business School,2011-2025,19,U05465,SKEMA Business School,2022-2025,4,France
86,23,U03366,KL University,2020-2025,11,U06345,Thapar University,2013-2025,12,India
82,23,U04942,PLA University of Science and Technology,2010-2021,10,U06431,Tianjin University of Technology and Education,2020-2025,13,China
83,23,U02585,Huaiyin Normal University,2017-2025,20,U02586,Huaiyin Teachers University,2020-2022,3,China
82,23,U07393,Universite d'Artois,2010-2025,19,U07590,University of Artois,2017-2025,4,France
88,23,U02617,Hubei University of Science & Technology,2020-2025,13,U04942,PLA University of Science and Technology,2010-2021,10,China
86,23,U04057,Menofia University,2014-2026,19,U04139,Minufiya University,2010-2015,4,Egypt
83,23,U04937,PES University,2020-2025,6,U05459,SASTRA University,2016-2026,17,India
83,23,U01627,ESSEC Business School,2011-2025,19,U02701,INSEAD Business School / Institut Européen d’Administration des Affaires (comUE Sorbonne Universités),2018-2025,4,France
94,23,U02399,Hebei Normal University of Science and Technology,2020-2025,13,U04942,PLA University of Science and Technology,2010-2021,10,China
83,22,U04882,Ordu University,2020-2026,16,U09224,Çağ University,2019-2025,6,Turkey
100,22,U07378,Universite Paul-Valery,2019-2025,14,U07379,Universite Paul-Valery Montpellier 3,2010-2026,8,France
82,22,U06049,State University of New York Health Science Center at Brooklyn,2003-2022,18,U06523,Truman State University,2005-2025,4,United States
89,22,U00209,Ahvaz Jondishapur University of Medical Sciences,2024-2026,3,U05650,Semnan University of Medical Sciences,2020-2026,19,Iran
94,22,U05478,SUNY College of Environmental Science and Forestry,2019-2025,12,U06057,"State University of New York, College of Environmental Science and Forestry",2014-2025,10,United States
88,22,U01586,Dublin Institute of Technology,2005-2021,18,U02947,Institute of Technology Sligo,2021-2023,4,Ireland
88,22,U07975,University of London School of Pharmacy,2011-2025,12,U08487,University of West London,2020-2026,10,United Kingdom
84,22,U07188,Universit degli Studi di Perugia,2015-2026,12,U07205,Universita degli Studi di Macerata,2020-2026,10,Italy
89,22,U06692,Universidad Catlica de la Santsima Concepcin (UCSC),2022-2024,3,U06700,Universidad Catolica de la Santisima Concepcion,2020-2026,19,Chile
83,22,U02024,G B Pant University of Agriculture & Technology,2010-2018,4,U02034,GLA University,2020-2026,18,India
96,22,U01569,Dr B R Ambedkar National Institute of Technology Jalandhar,2017-2026,16,U01570,Dr BR Ambedkar National Institute of Technology,2020-2025,6,India
90,22,U00487,Auezov South Kazakhstan University (SKU),2011-2026,16,U05920,South Kazakhstan State University,2010-2025,6,Kazakhstan
83,22,U00709,Bengal Engineering and Science University,2010-2015,4,U02034,GLA University,2020-2026,18,India
82,22,U06309,Temuco Catholic University,2022-2026,5,U06698,Universidad Catolica de Temuco,2020-2025,17,Chile
86,22,U03572,Konya Technical University,2022-2026,9,U04098,Middle East Technical University / Orta Doğu Teknik Üniversitesi,2013-2025,13,Turkey
84,22,U03608,Koszalin University of Technology,2020-2025,12,U05838,Silesian University of Technology in Gliwice / Politechnika Śląska w Gliwicach,2014-2025,10,Poland
83,22,U04616,Nevsehir Haci Bektas Veli University,2014-2026,16,U09224,Çağ University,2019-2025,6,Turkey
83,22,U00857,Bursa Technical University,2020-2026,16,U09224,Çağ University,2019-2025,6,Turkey
89,22,U05459,SASTRA University,2016-2026,17,U05601,Saurashtra University,2020-2025,5,India
82,22,U01923,Ferris State University,2005-2025,4,U06049,State University of New York Health Science Center at Brooklyn,2003-2022,18,United States
83,22,U04937,PES University,2020-2025,6,U05799,Shiv Nadar University,2017-2026,16,India
87,22,U05875,Slovak Medical University Bratislava,2015-2025,17,U05879,Slovak University of Technology in Bratislava / Slovenská technická univerzita v Bratislave,2012-2025,5,Slovakia
86,22,U03366,KL University,2020-2025,11,U04811,O.P. Jindal Global University (JGU),2019-2026,11,India
88,22,U01275,Chung Hua University,2010-2025,18,U06182,Taiwan Chung Cheng University,2014-2017,4,Taiwan
87,21,U03515,Kielce University of Technology,2020-2025,11,U05838,Silesian University of Technology in Gliwice / Politechnika Śląska w Gliwicach,2014-2025,10,Poland
93,21,U05513,Saint Petersburg Electrotechnical University ETU-LETI,2020-2026,7,U05514,Saint Petersburg State Electrotechnical University,2018-2025,14,Russia
85,21,U01621,ESCP Business School,2019-2025,9,U04187,Montpellier Business School,2020-2026,12,France
85,21,U02057,Gannan Medical University,2018-2025,11,U04592,Naval Medical University,2018-2025,10,China
85,21,U06049,State University of New York Health Science Center at Brooklyn,2003-2022,18,U08124,University of North Texas Health Science Center,2019-2025,3,United States
86,21,U05897,Soochow University Taiwan,2008-2026,15,U05899,"Soochow University, Taipei",2020-2025,6,Taiwan
90,21,U01955,Foro Italico University of Rome,2015-2025,8,U08242,University of Rome III,2014-2026,13,Italy
87,21,U01299,"City University of New York, College of Staten Island",2020-2025,6,U01340,College of Staten Island (CUNY),2013-2025,15,United States
83,21,U06163,TOBB Ekonomi ve Teknoloji University,2014-2025,15,U09224,Çağ University,2019-2025,6,Turkey
86,21,U03549,Kitami Institute of Technology,2017-2025,11,U04420,National Institute of Advanced Industrial Science and Technology (AIST),2016-2026,10,Japan
83,21,U00125,Abdullah Gul University,2018-2026,15,U09224,Çağ University,2019-2025,6,Turkey
83,21,U00158,Adana Alparslan Turkes Science & Technology University,2020-2026,15,U09224,Çağ University,2019-2025,6,Turkey
84,21,U06046,State University of New York Brockport,2010-2025,3,U06049,State University of New York Health Science Center at Brooklyn,2003-2022,18,United States
92,21,U02029,GGS Indraprastha University,2017-2025,8,U02253,Guru Gobind Singh Indraprastha University,2020-2026,13,India
88,21,U05012,Paul Valéry University Montpellier,2011-2026,15,U08063,University of Montpellier II,2009-2014,6,France
86,21,U04762,Northwest Agriculture & Forestry University,2014-2026,14,U04764,Northwest Minzu University,2020-2025,7,China
83,21,U05122,Pontifical Catholic University of Argentina,2024-2026,3,U05136,Pontificia Universidad Católica Argentina,2011-2026,18,Argentina
84,21,U03770,Liaoning Petrochemical University,2021-2025,11,U03771,Liaoning Shihua University,2014-2023,10,China
95,21,U00574,Bahir Dar Univeristy,2017-2021,5,U00575,Bahir Dar University,2019-2025,16,Ethiopia
83,21,U04445,National Institute of Standards and Technology (NIST),2016-2026,10,U04631,New York Institute of Technology,2020-2025,11,United States
100,21,U05168,Prague University of Economics and Business,2013-2026,17,U07764,University of Economics,2005-2022,4,Czechia
83,21,U06159,TED University,2021-2025,6,U06163,TOBB Ekonomi ve Teknoloji University,2014-2025,15,Turkey
88,21,U01275,Chung Hua University,2010-2025,18,U01276,Chung Hwa University of Medical Technology,2021-2024,3,Taiwan
82,20,U04942,PLA University of Science and Technology,2010-2021,10,U05774,Shenzhen Technology University,2021-2025,10,China
83,20,U08720,Uskudar University,2020-2026,14,U09224,Çağ University,2019-2025,6,Turkey
84,20,U05441,Rutgers State University,2004-2017,8,U08915,Weber State University,2005-2025,12,United States
100,20,U02218,Gubkin Russian State University of Oil and Gas,2019-2026,15,U02219,Gubkin University,2021-2025,5,Russia
87,20,U02477,Hindustan Institute of Technology and Science,2020-2026,14,U05593,Sathyabama Institute of Science and Technology (Deemed to be University),2022-2026,6,India
94,20,U00097,AGH University of Science & Technology / Akademia Górniczo-Hutnicza Stanisława Staszica w Krakowie,2011-2025,15,U06609,UTP University of Science & Technology,2017-2021,5,Poland
85,20,U01445,Dalian Minzu University,2019-2025,15,U01446,Dalian Nationalities University,2013-2025,5,China
84,20,U04716,North Minzu University,2020-2025,9,U04721,North West Agriculture and Forestry University,2016-2026,11,China
84,20,U05446,"Rutgers, The State University of New Jersey--Newark",2010-2025,8,U08915,Weber State University,2005-2025,12,United States
83,20,U04937,PES University,2020-2025,6,U05803,Shoolini University of Biotechnology and Management Sciences,2022-2026,14,India
85,20,U02917,Institute of Cancer Research University of London,2016-2025,17,U02922,Institute of Education University of London,2014-2015,3,United Kingdom
83,20,U07659,University of Caen,2014-2025,4,U08578,University of Évry Val d'Essonne,2010-2025,16,France
86,20,U02100,Georgia Health Sciences University,2010-2014,5,U08958,Western University of Health Sciences,2019-2025,15,United States
100,20,U05168,Prague University of Economics and Business,2013-2026,17,U07770,University of Economics and Business,2023-2025,3,Czechia
88,20,U06787,Universidad Nacional de Salta,2010-2025,8,U06797,Universidad Nacional de Tucumà¡n,2011-2024,12,Argentina
83,20,U02500,Ho Chi Minh City University of Technology,2020-2026,17,U06564,UEH University,2024-2026,3,Vietnam
83,20,U06564,UEH University,2024-2026,3,U08818,Vietnam National University Hochiminh City,2014-2026,17,Vietnam
85,20,U06239,Technical University Zvolen,2017-2026,16,U06254,Technical University of Košice / Technická univerzita v Košiciach,2012-2025,4,Slovakia
91,20,U02491,Ho Chi Minh City Open University,2021-2026,11,U08811,Viet Nam National University Ho Chi Minh City (VNU-HCM),2018-2026,9,Vietnam
83,20,U06797,Universidad Nacional de Tucumà¡n,2011-2024,12,U06798,Universidad Nacional de la Patagonia San Juan Bosco,2020-2025,8,Argentina
88,19,U02605,Hubei Polytechnic University,2020-2025,8,U06364,The Hong Kong Polytechnic University (PolyU),2016-2026,11,China
82,19,U02218,Gubkin Russian State University of Oil and Gas,2019-2026,15,U06113,Surgut State University,2021-2024,4,Russia
83,19,U02248,Gumushane University,2014-2026,13,U09224,Çağ University,2019-2025,6,Turkey
86,19,U03366,KL University,2020-2025,11,U04609,Netaji Subhas University of Technology,2021-2026,8,India
82,19,U04173,Monash University Malaysia,2015-2025,10,U04174,Monash University Sunway,2014-2023,9,Malaysia
88,19,U05514,Saint Petersburg State Electrotechnical University,2018-2025,14,U05517,Saint Petersburg State Polytechnic University,2013-2020,5,Russia
83,19,U01423,DIT University,2020-2026,12,U05303,Rajiv Gandhi University of Health Sciences,2019-2025,7,India
86,19,U02680,IE University,2019-2026,16,U06244,Technical University of Catalonia (UPC),2023-2025,3,Spain
83,19,U02706,IPB University,2017-2026,12,U02823,Indonesia University of Education,2012-2025,7,Indonesia
85,19,U02203,Guangxi Minzu University,2023-2025,5,U02210,Guangxi University of Nationalities,2016-2025,14,China
94,19,U09040,Xi'an University of Post and Telecommunications,2020-2025,6,U09041,Xi'an University of Posts & Telecommunications,2017-2025,13,China
95,19,U08624,Université Montpellier 1,2004-2016,11,U08625,Université Montpellier II Sciences et Techniques du Languedoc,2007-2014,8,France
83,19,U06779,Universidad Nacional de La Pampa,2020-2025,7,U06797,Universidad Nacional de Tucumà¡n,2011-2024,12,Argentina
84,19,U02223,Guilin Medical University,2017-2025,12,U03768,Liaoning Medical University,2016-2025,7,China
82,19,U01260,Chongqing University of Post and Telecommunications,2020-2025,6,U09041,Xi'an University of Posts & Telecommunications,2017-2025,13,China
83,19,U01423,DIT University,2020-2026,12,U06199,Tamil Nadu Dr. M.G.R. Medical University,2019-2025,7,India
85,19,U02008,Fukuoka Institute of Technology,2020-2025,9,U04420,National Institute of Advanced Industrial Science and Technology (AIST),2016-2026,10,Japan
83,19,U03154,Istanbul Gelisim University,2021-2026,13,U09224,Çağ University,2019-2025,6,Turkey
83,19,U06783,Universidad Nacional de Misiones,2020-2025,7,U06797,Universidad Nacional de Tucumà¡n,2011-2024,12,Argentina
86,19,U05959,Southwest Minzu University,2020-2025,16,U05964,Southwest University for Nationalities - China,2017-2019,3,China
83,19,U06785,Universidad Nacional de Rio Negro,2020-2025,7,U06797,Universidad Nacional de Tucumà¡n,2011-2024,12,Argentina
84,19,U01117,Chang Gung University of Science and Technology,2020-2026,14,U04308,Nan Kai University Technology,2014-2020,5,Taiwan
91,19,U00390,Anhui University of Finance & Economics,2020-2025,15,U05925,South Western University of Finance & Economics - China,2014-2018,4,China
87,19,U00097,AGH University of Science & Technology / Akademia Górniczo-Hutnicza Stanisława Staszica w Krakowie,2011-2025,15,U00863,Bydgoszcz University of Science & Technology,2022-2025,4,Poland
90,19,U07376,"Universite Paul Valery, Montpellier III",2014-2025,11,U07379,Universite Paul-Valery Montpellier 3,2010-2026,8,France
86,19,U02029,GGS Indraprastha University,2017-2025,8,U03366,KL University,2020-2025,11,India
86,18,U03366,KL University,2020-2025,11,U06199,Tamil Nadu Dr. M.G.R. Medical University,2019-2025,7,India
83,18,U01776,Erzurum Technical University,2020-2026,12,U09224,Çağ University,2019-2025,6,Turkey
83,18,U02223,Guilin Medical University,2017-2025,12,U05738,Shantou University Medical College,2020-2025,6,China
83,18,U04937,PES University,2020-2025,6,U06345,Thapar University,2013-2025,12,India
86,18,U00369,Amur State University,2021-2023,3,U02218,Gubkin Russian State University of Oil and Gas,2019-2026,15,Russia
82,18,U04241,Murray State University,2005-2025,10,U05446,"Rutgers, The State University of New Jersey--Newark",2010-2025,8,United States
83,18,U04721,North West Agriculture and Forestry University,2016-2026,11,U08934,West Anhui University,2020-2025,7,China
82,18,U04241,Murray State University,2005-2025,10,U05441,Rutgers State University,2004-2017,8,United States
85,18,U04317,Nanjing Audit University,2020-2025,14,U04330,Nanjing University of Post and TeleCommunications,2010-2015,4,China
91,18,U06791,Universidad Nacional de San Juan,2017-2025,11,U06794,Universidad Nacional de San Martn (UNSAM),2019-2025,7,Argentina
89,18,U02236,Guizhou University of Finance & Economics,2020-2025,14,U05925,South Western University of Finance & Economics - China,2014-2018,4,China
86,18,U03366,KL University,2020-2025,11,U05303,Rajiv Gandhi University of Health Sciences,2019-2025,7,India
83,18,U02223,Guilin Medical University,2017-2025,12,U05715,Shanghai Medical College of Fudan University,2020-2025,6,China
83,18,U00853,Bundeswehr University Munich,2019-2025,8,U07303,Universitat der Bundeswehr Munchen,2010-2025,10,Germany
83,18,U00185,Agri Ibrahim Cecen University,2020-2026,12,U09224,Çağ University,2019-2025,6,Turkey
86,18,U02100,Georgia Health Sciences University,2010-2014,5,U08194,University of Pittsburgh Health Sciences,2013-2025,13,United States
84,18,U05642,Seconda Universita degli Studi di Napoli,2013-2018,8,U07205,Universita degli Studi di Macerata,2020-2026,10,Italy
93,18,U02024,G B Pant University of Agriculture & Technology,2010-2018,4,U02155,Govind Ballabh Pant University of Agriculture and Technology,2014-2025,14,India
83,18,U09032,Xi'an Aeronautical University,2020-2024,5,U09035,Xi'an Medical University,2017-2025,13,China
85,18,U05610,School of Advanced Study University of London,2012-2025,6,U07975,University of London School of Pharmacy,2011-2025,12,United Kingdom
83,18,U02301,Haluoleo University,2020-2025,6,U02706,IPB University,2017-2026,12,Indonesia
83,18,U03087,Iskenderun Technical University,2020-2025,12,U09224,Çağ University,2019-2025,6,Turkey
86,18,U01578,Dr. Hari Singh Gour University,2019-2025,7,U03366,KL University,2020-2025,11,India
83,18,U02015,Fundacao Getulio Vargas,2011-2025,11,U02116,Getúlio Vargas Foundation,2019-2025,7,Brazil
83,18,U03497,Kharkiv National Automobile and Highway University,2022-2025,3,U08751,VN Karazin Kharkiv National University,2014-2025,15,Ukraine
90,18,U05925,South Western University of Finance & Economics - China,2014-2018,4,U09146,Yunnan University of Finance & Economics,2019-2025,14,China
85,18,U04533,National Technical University of Ukraine,2012-2017,5,U04557,National University of Life and Environmental Sciences of Ukraine,2020-2026,13,Ukraine
86,18,U00711,Bengbu Medical University,2024-2025,4,U08917,Weifang Medical University,2017-2025,14,China
82,18,U07381,Universite Rennes 2,2010-2025,14,U08677,Université de Rennes I,2014-2022,4,France
83,18,U00766,Biruni University,2021-2026,12,U09224,Çağ University,2019-2025,6,Turkey
86,17,U01039,Central University of Haryana,2023-2026,6,U03366,KL University,2020-2025,11,India
87,17,U09242,École Normale Supérieure Cachan,2007-2020,13,U09243,École Normale Supérieure ENS Paris (comUE Université Paris PSL),2017-2021,4,France
83,17,U07659,University of Caen,2014-2025,4,U08214,University of Provence (Aix-Marseille 1),2003-2013,13,France
87,17,U08381,University of Technology of Belfort-Montbéliard,2019-2025,8,U08383,University of Technology of Troyes,2016-2026,9,France
83,17,U03950,Manipal University Jaipur,2020-2026,11,U04937,PES University,2020-2025,6,India
97,17,U02650,Hung Kuang University,2010-2025,10,U02657,Hungkuang University,2016-2022,7,Taiwan
88,17,U05580,Sapientia Hungarian University of Transylvania,2022-2025,5,U06513,Transylvania University of Brasov,2014-2025,12,Romania
84,17,U02603,Hubei Minzu University,2020-2025,7,U02608,Hubei University for Nationalities,2017-2025,10,China
82,17,U04525,National Taitung University,2013-2025,4,U04584,National Yang Ming Chiao Tung University (NYCU Taiwan),2021-2026,13,Taiwan
84,17,U04060,Mepco Schlenk Engineering College,2020-2025,12,U05274,R V College of Engineering,2022-2026,5,India
84,17,U08063,University of Montpellier II,2009-2014,6,U08624,Université Montpellier 1,2004-2016,11,France
100,17,U01142,Charles R. Drew University of Medicine & Science,2019-2025,10,U01581,Drew University,2019-2025,7,United States
86,17,U01981,Free University of Brussels,2004-2025,14,U07508,University Libre Brussels,2014-2016,3,Belgium
83,17,U04811,O.P. Jindal Global University (JGU),2019-2026,11,U04937,PES University,2020-2025,6,India
83,17,U00743,Bilecik Seyh Edebali University,2020-2026,11,U09224,Çağ University,2019-2025,6,Turkey
86,17,U07694,University of Central Oklahoma,2022-2025,7,U08141,University of Oklahoma - Oklahoma City,2016-2023,10,United States
85,17,U03768,Liaoning Medical University,2016-2025,7,U04592,Naval Medical University,2018-2025,10,China
82,17,U06345,Thapar University,2013-2025,12,U08749,VIT-AP University,2023-2025,5,India
97,17,U00237,Al Baha University,2020-2026,11,U00277,Albaha University,2020-2025,6,Saudi Arabia
82,17,U04330,Nanjing University of Post and TeleCommunications,2010-2015,4,U09041,Xi'an University of Posts & Telecommunications,2017-2025,13,China
90,17,U00969,Capital University of Science and Technology,2023-2026,5,U01914,"Federal Urdu University of Arts, Science and Technology",2020-2025,12,Pakistan
97,17,U02888,Institut d'Etudes Politiques Paris (SciencePo),2015-2019,3,U02889,Institut d'Etudes Politiques Paris (Sciences Po),2020-2025,14,France
97,17,U04036,Mehran University Engineering & Technology,2020-2025,7,U04037,Mehran University of Engineering and Technology Jamshoro,2020-2026,10,Pakistan
86,17,U04208,Moscow Polytechnic University,2020-2026,12,U05517,Saint Petersburg State Polytechnic University,2013-2020,5,Russia
89,17,U04098,Middle East Technical University / Orta Doğu Teknik Üniversitesi,2013-2025,13,U04890,Orta Dogu Teknik University,2014-2017,4,Turkey
90,17,U04727,North-Western State Medical University named after I.I. Mechnikov,2021-2025,6,U08710,Ural State Medical University,2010-2025,11,Russia
86,17,U04722,North West Frontier Province University of Engineering and Technology,2020-2025,6,U07788,University of Engineering & Technology Peshawar,2020-2025,11,Pakistan
83,17,U03398,Kanagawa Institute of Technology,2020-2025,7,U04420,National Institute of Advanced Industrial Science and Technology (AIST),2016-2026,10,Japan
82,17,U06525,Tsing Hua University,2004-2014,4,U09169,Zhaoqing University,2020-2025,13,China
82,17,U04098,Middle East Technical University / Orta Doğu Teknik Üniversitesi,2013-2025,13,U09122,Yildiz Teknik University,2014-2020,4,Turkey
96,17,U00305,Allameh Tabataba ’i University,2023-2026,4,U00306,Allameh Tabatabai University,2020-2025,13,Iran
85,17,U05100,Polytechnic Institute of New York University,2004-2013,9,U08096,University of New Haven,2020-2025,8,United States
100,17,U06950,Universidad de las Fuerzas Armadas,2020-2026,12,U06952,Universidad de las Fuerzas Armadas ESPE (Ex - Escuela Politécnica del Ejército),2020-2024,5,Ecuador
84,17,U05030,Penza State University,2020-2026,12,U05517,Saint Petersburg State Polytechnic University,2013-2020,5,Russia
83,17,U02706,IPB University,2017-2026,12,U04994,Parahyangan Catholic University,2022-2025,5,Indonesia
84,17,U03608,Koszalin University of Technology,2020-2025,12,U09004,Wroclaw University of Technology / Politechnika Wrocławska,2011-2016,5,Poland
82,16,U05879,Slovak University of Technology in Bratislava / Slovenská technická univerzita v Bratislave,2012-2025,5,U08203,University of Presov in Presov,2020-2025,11,Slovakia
83,16,U01423,DIT University,2020-2026,12,U02024,G B Pant University of Agriculture & Technology,2010-2018,4,India
94,16,U04942,PLA University of Science and Technology,2010-2021,10,U08919,Weifang University of Science and Technology,2022-2025,6,China
83,16,U02706,IPB University,2017-2026,12,U08122,University of North Sumatra,2022-2025,4,Indonesia
83,16,U03191,Izmir University of Economics,2020-2026,10,U09224,Çağ University,2019-2025,6,Turkey
94,16,U02645,"Hunan University of Humanities, Science and Technology",2021-2025,6,U04942,PLA University of Science and Technology,2010-2021,10,China
84,16,U03154,Istanbul Gelisim University,2021-2026,13,U03160,Istanbul Teknik University,2014-2017,3,Turkey
83,16,U02033,GITAM University,2017-2026,10,U04937,PES University,2020-2025,6,India
91,16,U05513,Saint Petersburg Electrotechnical University ETU-LETI,2020-2026,7,U06007,St Petersburg Electrotechnical University (LETI),2018-2026,9,Russia
84,16,U01654,Eastern Washington University,2005-2025,5,U08478,University of Washington Bothell,2010-2025,11,United States
89,16,U08132,University of Nottingham China Campus,2020-2025,6,U08134,University of Nottingham Ningbo China,2017-2025,10,China
91,16,U05103,Polytechnic University of Cartagena,2019-2025,7,U06243,Technical University of Cartagena,2019-2026,9,Spain
82,16,U08042,University of Minnesota Health and Medicine,2020-2025,6,U08350,University of St Thomas Minnesota,2014-2025,10,United States
87,16,U00387,Anhui Science & Technology University,2021-2025,6,U04942,PLA University of Science and Technology,2010-2021,10,China
86,16,U02196,Guangdong University of Finance & Economics,2020-2025,12,U05925,South Western University of Finance & Economics - China,2014-2018,4,China
86,16,U01040,Central University of Jammu,2023-2026,5,U03366,KL University,2020-2025,11,India
83,16,U00709,Bengal Engineering and Science University,2010-2015,4,U01423,DIT University,2020-2026,12,India
85,16,U01621,ESCP Business School,2019-2025,9,U03362,KEDGE Business School,2020-2025,7,France
100,16,U05441,Rutgers State University,2004-2017,8,U05442,Rutgers State University Camden,2018-2023,8,United States
84,16,U05006,Parul University,2025-2026,4,U06345,Thapar University,2013-2025,12,India
87,16,U03515,Kielce University of Technology,2020-2025,11,U09004,Wroclaw University of Technology / Politechnika Wrocławska,2011-2016,5,Poland
83,16,U04842,Okan University,2020-2026,10,U09224,Çağ University,2019-2025,6,Turkey
85,16,U05446,"Rutgers, The State University of New Jersey--Newark",2010-2025,8,U08096,University of New Haven,2020-2025,8,United States
85,16,U04592,Naval Medical University,2018-2025,10,U05715,Shanghai Medical College of Fudan University,2020-2025,6,China
85,16,U04592,Naval Medical University,2018-2025,10,U05738,Shantou University Medical College,2020-2025,6,China
82,16,U02596,Huazhong Normal University,2018-2025,8,U04337,Nanning Normal University,2020-2025,8,China
86,16,U01154,Cheng Shiu University,2010-2025,12,U06182,Taiwan Chung Cheng University,2014-2017,4,Taiwan
94,16,U00540,B. S. Abdur Rahman Crescent Institute of Science & Technology,2020-2026,10,U00559,BS Abdur Rahman Crescent Institute of Science and Technology,2020-2025,6,India
82,16,U04390,National Defense University,2020-2026,9,U04476,National Kaohsiung University of Applied Sciences,2012-2017,7,Taiwan
92,15,U00209,Ahvaz Jondishapur University of Medical Sciences,2024-2026,3,U02729,Ilam University of Medical Sciences,2020-2026,12,Iran
100,15,U04577,National University of Uzbekistan,2021-2025,9,U04579,National University of Uzbekistan named after Mirzo Ulugbek,2024-2026,6,Uzbekistan
83,15,U04900,Osaka Medical and Pharmaceutical University,2022-2026,10,U04904,Osaka University of Pharmaceutical Sciences,2010-2023,5,Japan
82,15,U02333,Hanoi National University of Education,2012-2025,11,U02342,Hanoi University of Science,2020-2023,4,Vietnam
82,15,U02032,GIK Institute Engineering Science & Technology,2022-2025,5,U02121,Ghulam Ishaq Khan Institute of Engineering Sciences and Technology,2020-2026,10,Pakistan
83,15,U02340,Hanoi University of Mining and Geology,2020-2025,12,U06564,UEH University,2024-2026,3,Vietnam
89,15,U00209,Ahvaz Jondishapur University of Medical Sciences,2024-2026,3,U09157,Zanjan University of Medical Sciences,2020-2025,12,Iran
83,15,U02371,Hasan Kalyoncu University,2020-2026,9,U09224,Çağ University,2019-2025,6,Turkey
84,15,U03608,Koszalin University of Technology,2020-2025,12,U06171,Tadeusz Kościuszko Cracow University of Technology / Politechnika Krakowska Tadeusza Kościuszki,2012-2025,3,Poland
89,15,U00094,ACADEMY OF SCIENCES OF THE CZECH REPUBLIC,2013-2026,11,U04943,POLICE ACADEMY OF THE CZECH REPUBLIC,2005-2009,4,Czechia
84,15,U02033,GITAM University,2017-2026,10,U08749,VIT-AP University,2023-2025,5,India
86,15,U05470,SR University,2025-2026,3,U06345,Thapar University,2013-2025,12,India
88,15,U06787,Universidad Nacional de Salta,2010-2025,8,U06794,Universidad Nacional de San Martn (UNSAM),2019-2025,7,Argentina
82,15,U07241,Universitas Komputer Indonesia,2020-2022,3,U07270,Universitas Pendidikan Indonesia,2021-2026,12,Indonesia
86,15,U00876,CCS Haryana Agricultural University,2010-2025,4,U03366,KL University,2020-2025,11,India
83,15,U02706,IPB University,2017-2026,12,U06110,Surabaya State University,2021-2025,3,Indonesia
89,15,U05100,Polytechnic Institute of New York University,2004-2013,9,U05483,SUNY Polytechnic Institute,2017-2022,6,United States
83,15,U06775,Universidad Nacional de General Sarmiento,2022-2025,3,U06797,Universidad Nacional de Tucumà¡n,2011-2024,12,Argentina
100,15,U07764,University of Economics,2005-2022,4,U07765,University of Economics - Prague,2007-2020,11,Czechia
85,15,U04228,Mudanjiang Medical University,2020-2025,5,U04592,Naval Medical University,2018-2025,10,China
90,15,U05124,Pontifical Catholic University of Minas Gerais,2019-2026,8,U05125,Pontifical Catholic University of Paraná,2019-2025,7,Brazil
83,15,U05246,Qom University,2020-2026,11,U05670,Shahid Chamran University of Ahwaz,2020-2023,4,Iran
86,15,U03223,Jaipur National University,2020-2025,4,U03950,Manipal University Jaipur,2020-2026,11,India
83,15,U05925,South Western University of Finance & Economics - China,2014-2018,4,U06428,Tianjin University of Finance and Economics,2020-2025,11,China
90,15,U01288,City College of New York CUNY,2011-2025,9,U01296,City University of New York Lehman College,2020-2025,6,United States
86,15,U02100,Georgia Health Sciences University,2010-2014,5,U05479,SUNY Downstate Health Sciences University,2020-2025,10,United States
83,15,U03165,Istinye University,2022-2026,9,U09224,Çağ University,2019-2025,6,Turkey
86,15,U00664,Beijing Institute of Civil Engineering and Architecture,2020-2023,4,U00685,Beijing University of Civil Engineering & Architecture,2017-2025,11,China
82,15,U05562,Sang Myung University,2014-2025,9,U05651,Semyung University,2020-2025,6,South Korea
83,15,U03572,Konya Technical University,2022-2026,9,U09224,Çağ University,2019-2025,6,Turkey
86,15,U00709,Bengal Engineering and Science University,2010-2015,4,U03366,KL University,2020-2025,11,India
84,15,U05274,R V College of Engineering,2022-2026,5,U05294,Rajalakshmi Engineering College,2020-2025,10,India
83,15,U01423,DIT University,2020-2026,12,U05198,Pt. Ravishankar Shukla University,2017-2021,3,India
84,15,U01945,Florida Polytechnic University,2021-2025,6,U05100,Polytechnic Institute of New York University,2004-2013,9,United States
85,15,U01156,Chengdu Medical College,2020-2025,9,U05761,Shenyang Medical College,2020-2025,6,China
86,15,U02024,G B Pant University of Agriculture & Technology,2010-2018,4,U03366,KL University,2020-2025,11,India
100,15,U03450,Kavayitri Bahinabai Chaudhari North Maharashtra University,2019-2025,6,U04715,North Maharashtra University,2014-2025,9,India
83,15,U00103,AMET University,2020-2025,5,U02033,GITAM University,2017-2026,10,India
89,15,U00554,BOGAZIÇI ÜNIVERSITESI,2011-2014,4,U02066,Gazi Üniversitesi,2016-2026,11,Turkey
83,14,U01794,Eskisehir Technical University,2021-2026,8,U09224,Çağ University,2019-2025,6,Turkey
90,14,U05562,Sang Myung University,2014-2025,9,U09132,Youngsan University,2021-2025,5,South Korea
83,14,U01794,Eskisehir Technical University,2021-2026,8,U06159,TED University,2021-2025,6,Turkey
89,14,U08496,University of Wisconsin - LaCrosse,2020-2025,6,U08505,University of Wisconsin la Crosse,2005-2025,8,United States
86,14,U05517,Saint Petersburg State Polytechnic University,2013-2020,5,U06529,Tula State University,2020-2025,9,Russia
83,14,U04553,National University of Kyiv-Mohyla Academy (NaUKMA),2019-2026,8,U04564,National University of Pharmacy,2020-2025,6,Ukraine
83,14,U03415,Karadeniz Teknik University,2014-2020,8,U06159,TED University,2021-2025,6,Turkey
84,14,U01654,Eastern Washington University,2005-2025,5,U08479,University of Washington Tacoma,2017-2025,9,United States
90,14,U01288,City College of New York CUNY,2011-2025,9,U04628,New York City College of Technology,2020-2025,5,United States
84,14,U05516,Saint Petersburg State Pediatric Medical University,2020-2025,9,U05517,Saint Petersburg State Polytechnic University,2013-2020,5,Russia
83,14,U03415,Karadeniz Teknik University,2014-2020,8,U09224,Çağ University,2019-2025,6,Turkey
84,14,U08092,University of New England - USA,2016-2018,3,U08950,Western New England University,2020-2025,11,United States
83,14,U02333,Hanoi National University of Education,2012-2025,11,U06564,UEH University,2024-2026,3,Vietnam
84,14,U03677,Kyungnam University,2020-2025,9,U09132,Youngsan University,2021-2025,5,South Korea
88,14,U05642,Seconda Universita degli Studi di Napoli,2013-2018,8,U07208,Universita degli Studi di Napoli Parthenope,2020-2025,6,Italy
92,14,U00551,BMS College of Engineering,2020-2025,6,U05475,SSN College of Engineering,2019-2025,8,India
93,14,U00209,Ahvaz Jondishapur University of Medical Sciences,2024-2026,3,U05247,Qom University of Medical Sciences,2020-2025,11,Iran
85,14,U04592,Naval Medical University,2018-2025,10,U05691,Shandong Second Medical University,2024-2025,4,China
85,14,U04942,PLA University of Science and Technology,2010-2021,10,U09009,Wuchang University of Technology,2023-2025,4,China
86,14,U03366,KL University,2020-2025,11,U05806,Shree Guru Gobind Singh Tricentenary University,2025-2026,3,India
82,14,U04337,Nanning Normal University,2020-2025,8,U05735,Shangrao Normal University,2020-2025,6,China
93,14,U05130,Pontifical Javeriana University,2014-2025,8,U05131,Pontifical Xavierian University,2015-2025,6,Colombia
83,14,U07765,University of Economics - Prague,2007-2020,11,U07770,University of Economics and Business,2023-2025,3,Czechia
84,14,U02603,Hubei Minzu University,2020-2025,7,U04764,Northwest Minzu University,2020-2025,7,China
90,14,U00133,Abylkas Saginov Karaganda Technical University,2018-2026,9,U03417,Karaganda State Technical University,2021-2025,5,Kazakhstan
85,14,U01621,ESCP Business School,2019-2025,9,U05334,Rennes School of Business,2021-2025,5,France
83,14,U04609,Netaji Subhas University of Technology,2021-2026,8,U04937,PES University,2020-2025,6,India
86,14,U03366,KL University,2020-2025,11,U05198,Pt. Ravishankar Shukla University,2017-2021,3,India
86,14,U03366,KL University,2020-2025,11,U04165,Mohanlal Sukhadia University,2024-2025,3,India
88,14,U00209,Ahvaz Jondishapur University of Medical Sciences,2024-2026,3,U00758,Birjand University of Medical Sciences,2020-2025,11,Iran
85,14,U04168,Molde University College,2022-2025,4,U04905,Oslo & Akershus University College,2005-2020,10,Norway
85,14,U04592,Naval Medical University,2018-2025,10,U06180,Taishan Medical University,2017-2021,4,China
84,14,U05206,Punjab Engineering College,2020-2025,6,U05475,SSN College of Engineering,2019-2025,8,India
91,14,U05475,SSN College of Engineering,2019-2025,8,U05995,Sri Venkateswara College of Engineering,2020-2025,6,India
83,14,U06779,Universidad Nacional de La Pampa,2020-2025,7,U06794,Universidad Nacional de San Martn (UNSAM),2019-2025,7,Argentina
83,14,U06783,Universidad Nacional de Misiones,2020-2025,7,U06794,Universidad Nacional de San Martn (UNSAM),2019-2025,7,Argentina
82,14,U06785,Universidad Nacional de Rio Negro,2020-2025,7,U06794,Universidad Nacional de San Martn (UNSAM),2019-2025,7,Argentina
85,14,U00595,Bangabandhu Sheikh Mujibur Rahman Agricultural University,2020-2025,10,U02070,Gazipur Agricultural University,2024-2026,4,Bangladesh
83,14,U00209,Ahvaz Jondishapur University of Medical Sciences,2024-2026,3,U05246,Qom University,2020-2026,11,Iran
83,14,U02029,GGS Indraprastha University,2017-2025,8,U04937,PES University,2020-2025,6,India
87,14,U03515,Kielce University of Technology,2020-2025,11,U06171,Tadeusz Kościuszko Cracow University of Technology / Politechnika Krakowska Tadeusza Kościuszki,2012-2025,3,Poland
91,14,U05475,SSN College of Engineering,2019-2025,8,U05993,Sri Siva Subramania Nadar College of Engineering,2020-2025,6,India
85,13,U01621,ESCP Business School,2019-2025,9,U05465,SKEMA Business School,2022-2025,4,France
88,13,U00213,Aichi Institute of Technology,2020-2022,3,U04420,National Institute of Advanced Industrial Science and Technology (AIST),2016-2026,10,Japan
85,13,U02705,IPAG Business School,2019-2025,8,U05334,Rennes School of Business,2021-2025,5,France
85,13,U01621,ESCP Business School,2019-2025,9,U02701,INSEAD Business School / Institut Européen d’Administration des Affaires (comUE Sorbonne Universités),2018-2025,4,France
87,13,U03679,Kyungsung University,2020-2025,8,U09132,Youngsan University,2021-2025,5,South Korea
91,13,U02031,GH Raisoni College of Engineering,2020-2025,5,U05475,SSN College of Engineering,2019-2025,8,India
97,13,U06596,UNIVERSITÉ MONTPELLIER 2 SCIENCES ET TECHNIQUES,2010-2014,5,U08625,Université Montpellier II Sciences et Techniques du Languedoc,2007-2014,8,France
83,13,U01578,Dr. Hari Singh Gour University,2019-2025,7,U04937,PES University,2020-2025,6,India
88,13,U04982,Pandit Deendayal Energy University,2023-2025,5,U04983,Pandit Deendayal Petroleum University,2020-2025,8,India
90,13,U04708,North China University of Water Conservancy and Electric Power,2020-2025,6,U04709,North China University of Water Resources and Electric Power,2013-2025,7,China
88,13,U02922,Institute of Education University of London,2014-2015,3,U08487,University of West London,2020-2026,10,United Kingdom
84,13,U02784,Indian Institute of Space Science and Technology,2021-2025,7,U05593,Sathyabama Institute of Science and Technology (Deemed to be University),2022-2026,6,India
90,13,U02377,Hassiba Benbouali University of Chlef,2023-2026,7,U07341,Universite Hassiba Ben Bouali de Chlef,2020-2025,6,Algeria
83,13,U04675,Nisantasi University,2023-2026,7,U09224,Çağ University,2019-2025,6,Turkey
92,13,U02285,Hafr Albatin University,2021-2025,6,U07839,University of Hafr Al-Batin,2022-2026,7,Saudi Arabia
84,13,U01588,Dubna State University,2020-2025,7,U04727,North-Western State Medical University named after I.I. Mechnikov,2021-2025,6,Russia
84,13,U05120,Pondicherry Engineering College,2020-2024,5,U05475,SSN College of Engineering,2019-2025,8,India
83,13,U03735,Le Quy Don Technical University,2020-2025,10,U06564,UEH University,2024-2026,3,Vietnam
83,13,U04937,PES University,2020-2025,6,U06199,Tamil Nadu Dr. M.G.R. Medical University,2019-2025,7,India
86,13,U04519,National Taipei College of Nursing,2020-2025,6,U04523,National Taipei University of Nursing & Health Science (NTUNHS),2020-2025,7,Taiwan
88,13,U04036,Mehran University Engineering & Technology,2020-2025,7,U04722,North West Frontier Province University of Engineering and Technology,2020-2025,6,Pakistan
85,13,U04168,Molde University College,2022-2025,4,U07494,University College of Southeast Norway,2017-2024,9,Norway
83,13,U03007,Instituto Tecnologico de Aeronautica,2020-2025,6,U06284,Technological Institute of Aeronautics,2019-2025,7,Brazil
83,13,U04937,PES University,2020-2025,6,U05303,Rajiv Gandhi University of Health Sciences,2019-2025,7,India
86,13,U00387,Anhui Science & Technology University,2021-2025,6,U08934,West Anhui University,2020-2025,7,China
84,13,U02645,"Hunan University of Humanities, Science and Technology",2021-2025,6,U02649,Hunan University of Technology & Business,2020-2025,7,China
84,13,U03627,Kuban State University,2020-2025,7,U04727,North-Western State Medical University named after I.I. Mechnikov,2021-2025,6,Russia
86,13,U06327,"Texas A&M University, Health Science Center",2013-2025,10,U08124,University of North Texas Health Science Center,2019-2025,3,United States
83,13,U02322,Hangzhou Medical College,2022-2025,7,U05761,Shenyang Medical College,2020-2025,6,China
86,13,U02686,IHE Delft Institute for Water Education,2020-2025,8,U06571,UNESCO-IHE Institute for Water Education,2020-2024,5,Netherlands
84,13,U02603,Hubei Minzu University,2020-2025,7,U02613,Hubei University of Education,2021-2025,6,China
91,13,U05274,R V College of Engineering,2022-2026,5,U05475,SSN College of Engineering,2019-2025,8,India
86,13,U04087,Mianyang Normal University,2020-2025,5,U04337,Nanning Normal University,2020-2025,8,China
83,12,U04238,Munzur University,2020-2025,6,U09224,Çağ University,2019-2025,6,Turkey
84,12,U01588,Dubna State University,2020-2025,7,U04835,Ogarev Mordovia State University,2022-2026,5,Russia
90,12,U01539,Doctor Harisingh Gour University,2020-2024,5,U01578,Dr. Hari Singh Gour University,2019-2025,7,India
85,12,U01333,"College of Engineering, Pune",2019-2025,7,U05274,R V College of Engineering,2022-2026,5,India
86,12,U04407,National Institute Interdisciplinary Science & Technology - India,2016-2018,3,U04458,National Institute of Technology Patna,2020-2025,9,India
86,12,U03570,Kongu Engineering College,2021-2025,7,U05274,R V College of Engineering,2022-2026,5,India
83,12,U00322,Altınbaş University,2020-2026,6,U09224,Çağ University,2019-2025,6,Turkey
99,12,U04435,National Institute of Mental Health and Neuro Sciences,2020-2025,6,U04436,National Institute of Mental Health and Neurosciences,2019-2025,6,India
86,12,U04715,North Maharashtra University,2014-2025,9,U05470,SR University,2025-2026,3,India
93,12,U05296,Rajamangala University of Technology Isan,2020-2025,7,U05297,Rajamangala University of Technology Thanyaburi,2022-2026,5,Thailand
83,12,U04857,Omer Halis Demir University,2017-2022,6,U06159,TED University,2021-2025,6,Turkey
82,12,U01923,Ferris State University,2005-2025,4,U05442,Rutgers State University Camden,2018-2023,8,United States
83,12,U04857,Omer Halis Demir University,2017-2022,6,U09224,Çağ University,2019-2025,6,Turkey
90,12,U04805,Nueva Granada Military University,2022-2026,5,U06756,Universidad Militar Nueva Granada,2020-2025,7,Colombia
83,12,U06564,UEH University,2024-2026,3,U08811,Viet Nam National University Ho Chi Minh City (VNU-HCM),2018-2026,9,Vietnam
86,12,U02070,Gazipur Agricultural University,2024-2026,4,U06143,Sylhet Agricultural University,2022-2025,8,Bangladesh
83,12,U00999,Catholic University of Brasília,2022-2026,5,U05125,Pontifical Catholic University of Paraná,2019-2025,7,Brazil
83,12,U04013,Medical University Varna,2021-2025,5,U06266,Technical University of Varna,2020-2025,7,Bulgaria
87,12,U00387,Anhui Science & Technology University,2021-2025,6,U02645,"Hunan University of Humanities, Science and Technology",2021-2025,6,China
86,12,U00406,Anyang Institute of Technology,2020-2025,8,U02193,Guangdong Technion Israel Institute of Technology,2022-2025,4,China
88,12,U07718,University of Colorado Health Science Center,2003-2009,9,U08124,University of North Texas Health Science Center,2019-2025,3,United States
83,12,U02438,Henan Polytech University,2014-2018,4,U02605,Hubei Polytechnic University,2020-2025,8,China
82,12,U05446,"Rutgers, The State University of New Jersey--Newark",2010-2025,8,U06523,Truman State University,2005-2025,4,United States
82,12,U05442,Rutgers State University Camden,2018-2023,8,U06523,Truman State University,2005-2025,4,United States
82,12,U05441,Rutgers State University,2004-2017,8,U06523,Truman State University,2005-2025,4,United States
86,12,U04337,Nanning Normal University,2020-2025,8,U09053,Xianyang Normal University,2022-2025,4,China
87,12,U04337,Nanning Normal University,2020-2025,8,U09149,Yuxi Normal University,2023-2025,4,China
83,12,U01611,EDHEC Business School,2022-2025,8,U02701,INSEAD Business School / Institut Européen d’Administration des Affaires (comUE Sorbonne Universités),2018-2025,4,France
87,12,U01332,College of Engineering Guindy,2021-2025,5,U01333,"College of Engineering, Pune",2019-2025,7,India
86,12,U01678,Ecole Nationale Superieure de Mecanique et d Aerotechnique,2021-2024,4,U01679,Ecole Nationale Superieure de Mecanique et d'Aerotechnique (ISAE-ENSMA),2019-2025,8,France
82,12,U01923,Ferris State University,2005-2025,4,U05446,"Rutgers, The State University of New Jersey--Newark",2010-2025,8,United States
85,12,U01923,Ferris State University,2005-2025,4,U05441,Rutgers State University,2004-2017,8,United States
100,12,U02177,Grenoble INP,2014-2019,3,U02178,Grenoble INP / Institut polytechnique de Grenoble (Communauté Université Grenoble Alpes),2017-2025,9,France
91,12,U01301,"City University of New York, John Jay College of Criminal Justice",2020-2025,6,U03331,John Jay College of Criminal Justice (CUNY),2014-2020,6,United States
85,12,U02705,IPAG Business School,2019-2025,8,U05465,SKEMA Business School,2022-2025,4,France
83,12,U03780,Lille 2 University of Health and Law,2010-2017,8,U07659,University of Caen,2014-2025,4,France
85,12,U07365,"Universite Pantheon Sorbonne, Paris1",2020-2025,6,U08161,University of Pantheon Sorbonne - Paris I,2013-2020,6,France
84,12,U04539,National University Kiev-Mohyla Academy,2022-2025,4,U04553,National University of Kyiv-Mohyla Academy (NaUKMA),2019-2026,8,Ukraine
84,12,U03864,Lviv National Medical University Danylo Halycky,2020-2025,6,U03865,Lviv Polytech National University,2017-2022,6,Ukraine
87,12,U01038,Central University of Gujarat,2020-2025,7,U01040,Central University of Jammu,2023-2026,5,India
84,12,U01039,Central University of Haryana,2023-2026,6,U01047,Central University of Tamil Nadu,2021-2025,6,India
83,12,U01039,Central University of Haryana,2023-2026,6,U04937,PES University,2020-2025,6,India
83,12,U04937,PES University,2020-2025,6,U08793,Veltech University,2021-2026,6,India
84,12,U01588,Dubna State University,2020-2025,7,U05517,Saint Petersburg State Polytechnic University,2013-2020,5,Russia
83,12,U04238,Munzur University,2020-2025,6,U06159,TED University,2021-2025,6,Turkey
86,12,U04727,North-Western State Medical University named after I.I. Mechnikov,2021-2025,6,U06543,Tver State University,2020-2025,6,Russia
88,12,U03625,Kuban State Medical University,2020-2025,6,U04727,North-Western State Medical University named after I.I. Mechnikov,2021-2025,6,Russia
88,12,U00209,Ahvaz Jondishapur University of Medical Sciences,2024-2026,3,U02142,Gonabad University of Medical Sciences,2020-2026,9,Iran
84,12,U05517,Saint Petersburg State Polytechnic University,2013-2020,5,U05519,Saint Petersburg State University of Architecture and Civil Engineering,2020-2025,7,Russia
84,12,U03627,Kuban State University,2020-2025,7,U04835,Ogarev Mordovia State University,2022-2026,5,Russia
85,12,U00209,Ahvaz Jondishapur University of Medical Sciences,2024-2026,3,U05293,Rafsanjan University of Medical Sciences,2020-2026,9,Iran
84,12,U03627,Kuban State University,2020-2025,7,U05517,Saint Petersburg State Polytechnic University,2013-2020,5,Russia
82,12,U04727,North-Western State Medical University named after I.I. Mechnikov,2021-2025,6,U08871,Vyatka State University,2020-2025,6,Russia
89,12,U04385,National Defence Academy - Japan,2014-2021,5,U04387,National Defense Academy of Japan,2015-2025,7,Japan
83,12,U06243,Technical University of Cartagena,2019-2026,9,U06244,Technical University of Catalonia (UPC),2023-2025,3,Spain
85,12,U03080,Irkutsk State Medical University,2020-2025,6,U04727,North-Western State Medical University named after I.I. Mechnikov,2021-2025,6,Russia
86,12,U00133,Abylkas Saginov Karaganda Technical University,2018-2026,9,U03418,Karaganda State University,2010-2022,3,Kazakhstan
85,12,U00277,Albaha University,2020-2025,6,U02285,Hafr Albatin University,2021-2025,6,Saudi Arabia
87,12,U04727,North-Western State Medical University named after I.I. Mechnikov,2021-2025,6,U05391,Rostov State Medical University,2020-2025,6,Russia
86,12,U04727,North-Western State Medical University named after I.I. Mechnikov,2021-2025,6,U04887,Orel State University,2020-2025,6,Russia
88,12,U03642,Kursk State Medical University,2021-2025,6,U04727,North-Western State Medical University named after I.I. Mechnikov,2021-2025,6,Russia
82,12,U04727,North-Western State Medical University named after I.I. Mechnikov,2021-2025,6,U06197,Tambov State University,2020-2025,6,Russia
90,12,U03078,Irkutsk National Research Technical University,2022-2026,5,U03081,Irkutsk State Technical University,2020-2025,7,Russia
88,11,U00209,Ahvaz Jondishapur University of Medical Sciences,2024-2026,3,U00427,Ardabil University of Medical Sciences,2020-2025,8,Iran
100,11,U06215,Tashkent Institute of Irrigation and Agricultural Mechanization Engineers,2017-2025,8,U06216,Tashkent Institute of Irrigation and Agricultural Mechanization Engineers - National Research University (TIIAME-NRU),2024-2026,3,Uzbekistan
88,11,U00463,Assam Agricultural University,2020-2025,7,U00876,CCS Haryana Agricultural University,2010-2025,4,India
86,11,U05517,Saint Petersburg State Polytechnic University,2013-2020,5,U06543,Tver State University,2020-2025,6,Russia
91,11,U00551,BMS College of Engineering,2020-2025,6,U01332,College of Engineering Guindy,2021-2025,5,India
91,11,U00551,BMS College of Engineering,2020-2025,6,U05274,R V College of Engineering,2022-2026,5,India
85,11,U00876,CCS Haryana Agricultural University,2010-2025,4,U01020,Central Agricultural University,2020-2025,7,India
85,11,U04533,National Technical University of Ukraine,2012-2017,5,U08834,Vinnytsia National Technical University,2020-2025,6,Ukraine
91,11,U06214,Tashkent Institute of Irrigation and Agricultural Mechanisation,2024-2026,3,U06215,Tashkent Institute of Irrigation and Agricultural Mechanization Engineers,2017-2025,8,Uzbekistan
83,11,U04533,National Technical University of Ukraine,2012-2017,5,U04564,National University of Pharmacy,2020-2025,6,Ukraine
84,11,U04533,National Technical University of Ukraine,2012-2017,5,U06315,Ternopil Ivan Puluj National Technical University,2021-2025,6,Ukraine
93,11,U00876,CCS Haryana Agricultural University,2010-2025,4,U01148,Chaudhary Charan Singh Haryana Agricultural University,2020-2025,7,India
86,11,U00876,CCS Haryana Agricultural University,2010-2025,4,U03486,Kerala Agricultural University,2020-2025,7,India
92,11,U00209,Ahvaz Jondishapur University of Medical Sciences,2024-2026,3,U01879,Fasa University of Medical Sciences,2020-2026,8,Iran
88,11,U03181,Ivano-Frankivsk National Technical University of Oil and Gas,2021-2025,6,U04533,National Technical University of Ukraine,2012-2017,5,Ukraine
85,11,U08092,University of New England - USA,2016-2018,3,U08096,University of New Haven,2020-2025,8,United States
88,11,U08496,University of Wisconsin - LaCrosse,2020-2025,6,U08503,University of Wisconsin Stout,2005-2025,5,United States
87,11,U01040,Central University of Jammu,2023-2026,5,U01047,Central University of Tamil Nadu,2021-2025,6,India
83,11,U01040,Central University of Jammu,2023-2026,5,U04937,PES University,2020-2025,6,India
88,11,U00209,Ahvaz Jondishapur University of Medical Sciences,2024-2026,3,U00860,Bushehr University of Medical Sciences,2020-2026,8,Iran
82,11,U05517,Saint Petersburg State Polytechnic University,2013-2020,5,U06197,Tambov State University,2020-2025,6,Russia
88,11,U00092,ABES Engineering College,2024-2025,3,U05475,SSN College of Engineering,2019-2025,8,India
82,11,U00407,Anyang Normal University,2020-2025,8,U00676,Beijing Normal University Zhuhai,2023-2025,3,China
83,11,U02193,Guangdong Technion Israel Institute of Technology,2022-2025,4,U04311,Nanchang Institute of Technology,2020-2025,7,China
87,11,U04255,N. P. Ogarev's Mordovian State University,2020-2025,6,U04835,Ogarev Mordovia State University,2022-2026,5,Russia
88,11,U02612,Hubei University of Economics,2020-2025,7,U05925,South Western University of Finance & Economics - China,2014-2018,4,China
82,11,U04727,North-Western State Medical University named after I.I. Mechnikov,2021-2025,6,U06066,Stavropol State Medical University,2021-2025,5,Russia
85,11,U04544,National University of Defence Technology - China,2014-2025,7,U09009,Wuchang University of Technology,2023-2025,4,China
82,11,U04727,North-Western State Medical University named after I.I. Mechnikov,2021-2025,6,U06612,Udmurt State University,2020-2024,5,Russia
84,11,U05744,Shanxi University of Finance and Economics,2020-2025,7,U05925,South Western University of Finance & Economics - China,2014-2018,4,China
86,11,U04835,Ogarev Mordovia State University,2022-2026,5,U04887,Orel State University,2020-2025,6,Russia
82,11,U04090,Michigan State University College of Human Medicine,2019-2025,7,U06523,Truman State University,2005-2025,4,United States
82,11,U04835,Ogarev Mordovia State University,2022-2026,5,U06197,Tambov State University,2020-2025,6,Russia
86,11,U04835,Ogarev Mordovia State University,2022-2026,5,U06543,Tver State University,2020-2025,6,Russia
82,11,U04835,Ogarev Mordovia State University,2022-2026,5,U08871,Vyatka State University,2020-2025,6,Russia
86,11,U04887,Orel State University,2020-2025,6,U05517,Saint Petersburg State Polytechnic University,2013-2020,5,Russia
83,11,U00711,Bengbu Medical University,2024-2025,4,U03768,Liaoning Medical University,2016-2025,7,China
82,11,U01923,Ferris State University,2005-2025,4,U04090,Michigan State University College of Human Medicine,2019-2025,7,United States
84,11,U02862,Institut National Polytechnique de Lorraine,2012-2015,3,U02876,Institut Polytechnique de Bordeaux,2020-2025,8,France
84,11,U02876,Institut Polytechnique de Bordeaux,2020-2025,8,U06549,Télécom Paris – Institut Polytechnique de Paris,2011-2020,3,France
86,11,U01332,College of Engineering Guindy,2021-2025,5,U05993,Sri Siva Subramania Nadar College of Engineering,2020-2025,6,India
85,11,U00209,Ahvaz Jondishapur University of Medical Sciences,2024-2026,3,U02562,Hormozgan University of Medical Sciences,2020-2025,8,Iran
83,11,U07659,University of Caen,2014-2025,4,U08439,University of Upper Alsace,2019-2025,7,France
86,11,U04983,Pandit Deendayal Petroleum University,2020-2025,8,U05470,SR University,2025-2026,3,India
84,11,U01332,College of Engineering Guindy,2021-2025,5,U05206,Punjab Engineering College,2020-2025,6,India
82,11,U05517,Saint Petersburg State Polytechnic University,2013-2020,5,U08871,Vyatka State University,2020-2025,6,Russia
85,11,U02193,Guangdong Technion Israel Institute of Technology,2022-2025,4,U02580,Huaihai Institute of Technology,2017-2025,7,China
84,11,U05879,Slovak University of Technology in Bratislava / Slovenská technická univerzita v Bratislave,2012-2025,5,U07774,University of Economics in Bratislava,2020-2025,6,Slovakia
86,11,U02029,GGS Indraprastha University,2017-2025,8,U05470,SR University,2025-2026,3,India
91,11,U05475,SSN College of Engineering,2019-2025,8,U06162,TKM College of Engineering,2023-2025,3,India
91,11,U02044,Galgotias College of Engineering & Technology,2024-2025,3,U05475,SSN College of Engineering,2019-2025,8,India
84,11,U03599,Korea Polytechnic University,2017-2023,8,U06237,Tech University of Korea,2024-2025,3,South Korea
91,11,U03869,M. Kumarasamy College of Engineering,2025-2026,3,U05475,SSN College of Engineering,2019-2025,8,India
88,11,U03148,Istanbul Arel University,2020-2025,8,U03160,Istanbul Teknik University,2014-2017,3,Turkey
83,11,U00772,Bitlis Eren University,2021-2025,5,U09224,Çağ University,2019-2025,6,Turkey
91,11,U05475,SSN College of Engineering,2019-2025,8,U07527,University Visvesvaraya College of Engineering,2021-2025,3,India
83,11,U06338,Thai Nguyen University,2021-2025,8,U06564,UEH University,2024-2026,3,Vietnam
91,11,U05274,R V College of Engineering,2022-2026,5,U05993,Sri Siva Subramania Nadar College of Engineering,2020-2025,6,India
90,11,U00775,Blekinge Institute of Technology,2010-2025,6,U03695,LUND INSTITUTE OF TECHNOLOGY,2005-2009,5,Sweden
88,11,U01833,FHNW University of Applied Sciences & Arts Northwestern Switzerland,2022-2025,5,U07582,University of Applied Sciences and Arts of Southern Switzerland,2020-2025,6,Switzerland
84,11,U05206,Punjab Engineering College,2020-2025,6,U05274,R V College of Engineering,2022-2026,5,India
91,11,U05274,R V College of Engineering,2022-2026,5,U05995,Sri Venkateswara College of Engineering,2020-2025,6,India
82,11,U04476,National Kaohsiung University of Applied Sciences,2012-2017,7,U04525,National Taitung University,2013-2025,4,Taiwan
91,11,U05475,SSN College of Engineering,2019-2025,8,U08775,Vardhaman College of Engineering,2024-2026,3,India
86,11,U01332,College of Engineering Guindy,2021-2025,5,U05995,Sri Venkateswara College of Engineering,2020-2025,6,India
82,11,U06609,UTP University of Science & Technology,2017-2021,5,U08380,University of Technology and Life Sciences,2020-2025,6,Poland
83,10,U01880,Fatih University,2010-2015,4,U06159,TED University,2021-2025,6,Turkey
84,10,U03853,LungHwa University of Science and Technology,2010-2024,5,U04308,Nan Kai University Technology,2014-2020,5,Taiwan
82,10,U00294,Alfred University,2012-2025,4,U08889,Walden University,2020-2025,6,United States
85,10,U02203,Guangxi Minzu University,2023-2025,5,U02209,Guangxi University of Finance and Economics,2022-2025,5,China
92,10,U01260,Chongqing University of Post and Telecommunications,2020-2025,6,U04330,Nanjing University of Post and TeleCommunications,2010-2015,4,China
86,10,U05303,Rajiv Gandhi University of Health Sciences,2019-2025,7,U05470,SR University,2025-2026,3,India
82,10,U04835,Ogarev Mordovia State University,2022-2026,5,U06612,Udmurt State University,2020-2024,5,Russia
83,10,U03748,Lefke Avrupa University,2022-2025,4,U06159,TED University,2021-2025,6,Turkey
84,10,U04128,Ming Hsin University of Science and Technology,2010-2025,5,U04308,Nan Kai University Technology,2014-2020,5,Taiwan
95,10,U03685,L. N. Gumilov Eurasian National University,2020-2025,7,U03689,LN Gumilyov Eurasian National University,2014-2017,3,Kazakhstan
85,10,U00676,Beijing Normal University Zhuhai,2023-2025,3,U00678,Beijing Sport University,2022-2025,7,China
82,10,U01923,Ferris State University,2005-2025,4,U04076,Metropolitan State University,2020-2025,6,United States
86,10,U02463,Hexi University,2020-2025,7,U09020,Wuxi University,2024-2025,3,China
86,10,U00209,Ahvaz Jondishapur University of Medical Sciences,2024-2026,3,U05491,Sabzevar University of Medical Sciences,2020-2025,7,Iran
83,10,U06564,UEH University,2024-2026,3,U08768,Van Lang University,2023-2026,7,Vietnam
90,10,U00209,Ahvaz Jondishapur University of Medical Sciences,2024-2026,3,U09153,Zabol University of Medical Sciences,2020-2025,7,Iran
89,10,U04625,New Valley University,2024-2026,5,U05952,Southern Valley University,2014-2019,5,Egypt
90,10,U04727,North-Western State Medical University named after I.I. Mechnikov,2021-2025,6,U04859,Omsk State Medical University,2022-2025,4,Russia
83,10,U00711,Bengbu Medical University,2024-2025,4,U05738,Shantou University Medical College,2020-2025,6,China
93,10,U04330,Nanjing University of Post and TeleCommunications,2010-2015,4,U09040,Xi'an University of Post and Telecommunications,2020-2025,6,China
82,10,U04727,North-Western State Medical University named after I.I. Mechnikov,2021-2025,6,U06113,Surgut State University,2021-2024,4,Russia
84,10,U04727,North-Western State Medical University named after I.I. Mechnikov,2021-2025,6,U04754,Northern State Medical University,2022-2025,4,Russia
84,10,U05206,Punjab Engineering College,2020-2025,6,U09156,Zakir Husain College Of Engineering & Technology,2022-2025,4,India
83,10,U00179,Afyonkarahisar Health Sciences University,2024-2026,4,U09224,Çağ University,2019-2025,6,Turkey
88,10,U04744,Northern (Arctic) Federal University named after M.V. Lomonosov,2022-2025,4,U04745,Northern Arctic Federal University,2020-2025,6,Russia
84,10,U05120,Pondicherry Engineering College,2020-2024,5,U05274,R V College of Engineering,2022-2026,5,India
83,10,U00711,Bengbu Medical University,2024-2025,4,U05715,Shanghai Medical College of Fudan University,2020-2025,6,China
83,10,U00394,Ankara Haci Bayram Veli University,2023-2026,4,U09224,Çağ University,2019-2025,6,Turkey
82,10,U04076,Metropolitan State University,2020-2025,6,U06523,Truman State University,2005-2025,4,United States
93,10,U04984,Pandit Ravishankar Shukla University,2020-2025,7,U05198,Pt. Ravishankar Shukla University,2017-2021,3,India
87,10,U06392,The University of Georgia Griffin Campus,2010-2013,4,U08121,University of North Georgia,2021-2025,6,United States
82,10,U00472,Astrakhan State Medical University,2021-2025,4,U04727,North-Western State Medical University named after I.I. Mechnikov,2021-2025,6,Russia
83,10,U06952,Universidad de las Fuerzas Armadas ESPE (Ex - Escuela Politécnica del Ejército),2020-2024,5,U06957,Universidad del Azuay,2022-2025,5,Ecuador
83,10,U01880,Fatih University,2010-2015,4,U09224,Çağ University,2019-2025,6,Turkey
83,10,U03645,Kutahya Health Sciences University,2023-2026,4,U09224,Çağ University,2019-2025,6,Turkey
86,10,U05470,SR University,2025-2026,3,U06199,Tamil Nadu Dr. M.G.R. Medical University,2019-2025,7,India
83,10,U05526,Sakarya University of Applied Sciences,2024-2026,4,U06159,TED University,2021-2025,6,Turkey
82,10,U00387,Anhui Science & Technology University,2021-2025,6,U00393,Anhui Xinhua University,2022-2025,4,China
86,10,U01578,Dr. Hari Singh Gour University,2019-2025,7,U05470,SR University,2025-2026,3,India
90,10,U03078,Irkutsk National Research Technical University,2022-2026,5,U03462,Kazan National Research Technical University named after AN Tupolev,2021-2025,5,Russia
83,10,U09122,Yildiz Teknik University,2014-2020,4,U09224,Çağ University,2019-2025,6,Turkey
83,10,U06159,TED University,2021-2025,6,U09122,Yildiz Teknik University,2014-2020,4,Turkey
83,10,U05526,Sakarya University of Applied Sciences,2024-2026,4,U09224,Çağ University,2019-2025,6,Turkey
85,10,U01162,Chennai Institute of Technology,2023-2025,4,U05593,Sathyabama Institute of Science and Technology (Deemed to be University),2022-2026,6,India
83,10,U02024,G B Pant University of Agriculture & Technology,2010-2018,4,U04937,PES University,2020-2025,6,India
83,10,U04890,Orta Dogu Teknik University,2014-2017,4,U09224,Çağ University,2019-2025,6,Turkey
83,10,U04890,Orta Dogu Teknik University,2014-2017,4,U06159,TED University,2021-2025,6,Turkey
86,10,U01332,College of Engineering Guindy,2021-2025,5,U02031,GH Raisoni College of Engineering,2020-2025,5,India
90,10,U07850,University of Health Science - Pakistan,2021-2023,3,U08452,University of Veterinary & Animal Science - Pakistan,2014-2025,7,Pakistan
91,10,U01332,College of Engineering Guindy,2021-2025,5,U05274,R V College of Engineering,2022-2026,5,India
83,10,U03748,Lefke Avrupa University,2022-2025,4,U09224,Çağ University,2019-2025,6,Turkey
83,10,U00876,CCS Haryana Agricultural University,2010-2025,4,U04937,PES University,2020-2025,6,India
87,10,U04693,Normandie Universite,2019-2025,6,U04695,Normandy University,2018-2021,4,France
82,10,U05517,Saint Petersburg State Polytechnic University,2013-2020,5,U06612,Udmurt State University,2020-2024,5,Russia
91,10,U02031,GH Raisoni College of Engineering,2020-2025,5,U05274,R V College of Engineering,2022-2026,5,India
83,10,U03144,Isparta University of Applied Sciences,2024-2026,4,U09224,Çağ University,2019-2025,6,Turkey
83,10,U00709,Bengal Engineering and Science University,2010-2015,4,U04937,PES University,2020-2025,6,India
96,10,U08777,Vasyl Stefanyk Carpathian National University,2024-2026,3,U08778,Vasyl Stefanyk Precarpathian National University,2020-2025,7,Ukraine
91,10,U00551,BMS College of Engineering,2020-2025,6,U09156,Zakir Husain College Of Engineering & Technology,2022-2025,4,India
82,10,U03078,Irkutsk National Research Technical University,2022-2026,5,U04960,Pacific National University,2021-2025,5,Russia
83,9,U01350,Colorado School of Public Health,2021-2025,5,U02275,HOPKINS BLOOMBERG SCHOOL OF PUBLIC HEALTH,2005-2009,4,United States
83,9,U01615,EMPORIA STATE UNIVERSITY,2005-2025,3,U04076,Metropolitan State University,2020-2025,6,United States
83,9,U03160,Istanbul Teknik University,2014-2017,3,U09224,Çağ University,2019-2025,6,Turkey
83,9,U02501,Ho Chi Minh City University of Technology And Education,2020-2025,6,U06564,UEH University,2024-2026,3,Vietnam
83,9,U04937,PES University,2020-2025,6,U05198,Pt. Ravishankar Shukla University,2017-2021,3,India
83,9,U06564,UEH University,2024-2026,3,U07766,University of Economics Ho Chi Minh City,2021-2025,6,Vietnam
83,9,U08689,Université de Tours / Université François Rabelais (ComUE Centre-Val de Loire),2020-2025,6,U08690,Université de Tours / Université François Rabelais (comUE Université confédérale Léonard de Vinci),2017-2019,3,France
83,9,U04937,PES University,2020-2025,6,U05806,Shree Guru Gobind Singh Tricentenary University,2025-2026,3,India
83,9,U04228,Mudanjiang Medical University,2020-2025,5,U06180,Taishan Medical University,2017-2021,4,China
82,9,U04835,Ogarev Mordovia State University,2022-2026,5,U06113,Surgut State University,2021-2024,4,Russia
93,9,U00209,Ahvaz Jondishapur University of Medical Sciences,2024-2026,3,U00223,Aja University of Medical Sciences,2020-2025,6,Iran
95,9,U01420,D. Mendeleev University of Chemical Technology,2020-2025,6,U04054,Mendeleyev University of Chemical Technology,2014-2018,3,Russia
83,9,U02318,Hang Seng University of Hong Kong,2022-2025,6,U06381,The Open University of Hong Kong,2020-2022,3,Hong Kong
82,9,U01468,Danube University Krems,2019-2021,3,U01551,Donau Universitat Krems,2020-2025,6,Austria
83,9,U04120,Mimar Sinan Guzel Sanatlar University,2014-2022,3,U09224,Çağ University,2019-2025,6,Turkey
83,9,U04120,Mimar Sinan Guzel Sanatlar University,2014-2022,3,U06159,TED University,2021-2025,6,Turkey
86,9,U02444,Henan University of Finance and Economics,2021-2025,5,U05925,South Western University of Finance & Economics - China,2014-2018,4,China
83,9,U02209,Guangxi University of Finance and Economics,2022-2025,5,U05925,South Western University of Finance & Economics - China,2014-2018,4,China
94,9,U00863,Bydgoszcz University of Science & Technology,2022-2025,4,U06609,UTP University of Science & Technology,2017-2021,5,Poland
83,9,U03160,Istanbul Teknik University,2014-2017,3,U06159,TED University,2021-2025,6,Turkey
83,9,U06616,Ufuk University,2022-2024,3,U09224,Çağ University,2019-2025,6,Turkey
82,9,U05517,Saint Petersburg State Polytechnic University,2013-2020,5,U06113,Surgut State University,2021-2024,4,Russia
83,9,U00593,Bandirma Onyedi Eylul University,2024-2026,3,U06159,TED University,2021-2025,6,Turkey
87,9,U00676,Beijing Normal University Zhuhai,2023-2025,3,U00689,Beijing Wuzi University,2020-2025,6,China
83,9,U02701,INSEAD Business School / Institut Européen d’Administration des Affaires (comUE Sorbonne Universités),2018-2025,4,U04266,NEOMA Business School,2023-2025,5,France
87,9,U04164,Mohan Lal Sukhadia University,2020-2025,6,U04165,Mohanlal Sukhadia University,2024-2025,3,India
82,9,U00676,Beijing Normal University Zhuhai,2023-2025,3,U03758,Leshan Normal University,2022-2025,6,China
83,9,U04165,Mohanlal Sukhadia University,2024-2025,3,U04937,PES University,2020-2025,6,India
86,9,U02024,G B Pant University of Agriculture & Technology,2010-2018,4,U04889,Orissa University of Agriculture and Technology,2020-2025,5,India
90,9,U00209,Ahvaz Jondishapur University of Medical Sciences,2024-2026,3,U09103,Yasuj University of Medical Sciences,2020-2025,6,Iran
84,9,U03155,Istanbul Kultur University,2020-2025,6,U03160,Istanbul Teknik University,2014-2017,3,Turkey
86,9,U02100,Georgia Health Sciences University,2010-2014,5,U03832,Louisiana State University Health Sciences Center--Shreveport,2021-2025,4,United States
83,9,U00593,Bandirma Onyedi Eylul University,2024-2026,3,U09224,Çağ University,2019-2025,6,Turkey
84,9,U06870,Universidad UTE,2021-2025,4,U06952,Universidad de las Fuerzas Armadas ESPE (Ex - Escuela Politécnica del Ejército),2020-2024,5,Ecuador
83,9,U00474,"Atal Bihari Vajpayee Indian Institute of Information Technology and Management, Gwalior",2021-2025,5,U02789,Indian Institute of Technology (IIT) Jammu,2023-2025,4,India
82,9,U04407,National Institute Interdisciplinary Science & Technology - India,2016-2018,3,U04463,National Institute of Technology Srinagar,2023-2026,6,India
91,9,U05274,R V College of Engineering,2022-2026,5,U09156,Zakir Husain College Of Engineering & Technology,2022-2025,4,India
87,9,U01446,Dalian Nationalities University,2013-2025,5,U05241,Qinghai University for Nationalities,2021-2024,4,China
83,9,U06564,UEH University,2024-2026,3,U08025,"University of Medicine and Pharmacy, Ho Chi Minh City",2020-2025,6,Vietnam
86,9,U00369,Amur State University,2021-2023,3,U04727,North-Western State Medical University named after I.I. Mechnikov,2021-2025,6,Russia
83,9,U00711,Bengbu Medical University,2024-2025,4,U04228,Mudanjiang Medical University,2020-2025,5,China
86,9,U02696,INFORMATION SCIENCE INSTITUTE. UNIVERSITY OF SOUTHERN CALIFORNIA,2005-2007,3,U06331,Texas Southern University,2020-2025,6,United States
83,8,U00711,Bengbu Medical University,2024-2025,4,U06180,Taishan Medical University,2017-2021,4,China
83,8,U04927,Oxford University Clinical Research Unit,2020-2024,5,U06564,UEH University,2024-2026,3,Vietnam
83,8,U06410,Thu Dau Mot University,2021-2025,5,U06564,UEH University,2024-2026,3,Vietnam
83,8,U06413,Thuyloi University,2021-2025,5,U06564,UEH University,2024-2026,3,Vietnam
83,8,U02268,HCMC University of Technology & Education (HCMUTE),2021-2025,5,U06564,UEH University,2024-2026,3,Vietnam
83,8,U06564,UEH University,2024-2026,3,U08831,Vinh University,2021-2025,5,Vietnam
100,8,U06228,Tashkent University of Information Technologies,2022-2025,5,U06230,Tashkent University of Information Technologies named after Muhammad al-Khwarizmi,2025-2026,3,Uzbekistan
86,8,U00369,Amur State University,2021-2023,3,U04835,Ogarev Mordovia State University,2022-2026,5,Russia
100,8,U04013,Medical University Varna,2021-2025,5,U04025,Medical University of Varna Pof. Dr. Paraskev Stoyano,2022-2024,3,Bulgaria
100,8,U00555,BOKU University,2024-2026,5,U08080,University of Natural Resources and Life Sciences - BOKU,2015-2017,3,Austria
86,8,U00369,Amur State University,2021-2023,3,U05517,Saint Petersburg State Polytechnic University,2013-2020,5,Russia
84,8,U01276,Chung Hwa University of Medical Technology,2021-2024,3,U04308,Nan Kai University Technology,2014-2020,5,Taiwan
91,8,U01332,College of Engineering Guindy,2021-2025,5,U06162,TKM College of Engineering,2023-2025,3,India
86,8,U01332,College of Engineering Guindy,2021-2025,5,U02044,Galgotias College of Engineering & Technology,2024-2025,3,India
87,8,U01040,Central University of Jammu,2023-2026,5,U01042,Central University of Karnataka,2024-2025,3,India
93,8,U00209,Ahvaz Jondishapur University of Medical Sciences,2024-2026,3,U00588,Bam University of Medical Sciences,2021-2025,5,Iran
84,8,U03158,Istanbul Sabahattin Zaim University,2022-2025,5,U03160,Istanbul Teknik University,2014-2017,3,Turkey
86,8,U01332,College of Engineering Guindy,2021-2025,5,U08775,Vardhaman College of Engineering,2024-2026,3,India
88,8,U00374,Anand Agricultural University,2020-2025,4,U00876,CCS Haryana Agricultural University,2010-2025,4,India
91,8,U02044,Galgotias College of Engineering & Technology,2024-2025,3,U05274,R V College of Engineering,2022-2026,5,India
86,8,U01332,College of Engineering Guindy,2021-2025,5,U07527,University Visvesvaraya College of Engineering,2021-2025,3,India
88,8,U00092,ABES Engineering College,2024-2025,3,U05274,R V College of Engineering,2022-2026,5,India
88,8,U00092,ABES Engineering College,2024-2025,3,U01332,College of Engineering Guindy,2021-2025,5,India
89,8,U00209,Ahvaz Jondishapur University of Medical Sciences,2024-2026,3,U03220,Jahrom University of Medical Sciences,2022-2025,5,Iran
86,8,U05470,SR University,2025-2026,3,U05607,Saveetha University,2020-2025,5,India
83,8,U02701,INSEAD Business School / Institut Européen d’Administration des Affaires (comUE Sorbonne Universités),2018-2025,4,U05465,SKEMA Business School,2022-2025,4,France
86,8,U00209,Ahvaz Jondishapur University of Medical Sciences,2024-2026,3,U04606,Neshabur University of Medical Sciences,2021-2025,5,Iran
91,8,U05274,R V College of Engineering,2022-2026,5,U07527,University Visvesvaraya College of Engineering,2021-2025,3,India
83,8,U05228,Qena University,2025-2026,4,U05851,Sinai University,2023-2025,4,Egypt
83,8,U04298,Nahda University,2022-2025,4,U05228,Qena University,2025-2026,4,Egypt
91,8,U05274,R V College of Engineering,2022-2026,5,U06162,TKM College of Engineering,2023-2025,3,India
86,8,U01332,College of Engineering Guindy,2021-2025,5,U03869,M. Kumarasamy College of Engineering,2025-2026,3,India
87,8,U04678,Nizam's Institute of Medical Sciences,2020-2025,4,U05781,Sher-i-Kashmir Institute of Medical Sciences,2022-2025,4,India
86,8,U01539,Doctor Harisingh Gour University,2020-2024,5,U05470,SR University,2025-2026,3,India
83,7,U02342,Hanoi University of Science,2020-2023,4,U06564,UEH University,2024-2026,3,Vietnam
83,7,U02497,Ho Chi Minh City University of Industry and Trade,2024-2025,4,U06564,UEH University,2024-2026,3,Vietnam
82,7,U06046,State University of New York Brockport,2010-2025,3,U06523,Truman State University,2005-2025,4,United States
89,7,U01573,"Dr D. Y. Patil Vidyapeeth, Pune",2024-2026,3,U01574,Dr DY Patil Vidyapeeth Pune,2022-2025,4,India
86,7,U02024,G B Pant University of Agriculture & Technology,2010-2018,4,U03913,Maharana Pratap University of Agriculture and Technology,2023-2025,3,India
86,7,U02024,G B Pant University of Agriculture & Technology,2010-2018,4,U05470,SR University,2025-2026,3,India
83,7,U06564,UEH University,2024-2026,3,U08816,Vietnam National University Hanoi / Đại học Quốc gia Hà Nội,2021-2025,4,Vietnam
83,7,U06564,UEH University,2024-2026,3,U08821,Vietnam National University of Agriculture,2020-2025,4,Vietnam
87,7,U02044,Galgotias College of Engineering & Technology,2024-2025,3,U09156,Zakir Husain College Of Engineering & Technology,2022-2025,4,India
94,7,U04119,Mimar Sinan Guzel Sanatlar Universitesi,2020-2023,4,U04120,Mimar Sinan Guzel Sanatlar University,2014-2022,3,Turkey
88,7,U02433,Henan Institute of Engineering,2020-2022,3,U04704,North China Institute of Aerospace Engineering,2024-2025,4,China
86,7,U00709,Bengal Engineering and Science University,2010-2015,4,U05470,SR University,2025-2026,3,India
87,7,U05241,Qinghai University for Nationalities,2021-2024,4,U05964,Southwest University for Nationalities - China,2017-2019,3,China
100,7,U07764,University of Economics,2005-2022,4,U07770,University of Economics and Business,2023-2025,3,Czechia
82,7,U01923,Ferris State University,2005-2025,4,U06046,State University of New York Brockport,2010-2025,3,United States
87,7,U00676,Beijing Normal University Zhuhai,2023-2025,3,U09149,Yuxi Normal University,2023-2025,4,China
91,7,U06162,TKM College of Engineering,2023-2025,3,U09156,Zakir Husain College Of Engineering & Technology,2022-2025,4,India
88,7,U00092,ABES Engineering College,2024-2025,3,U09156,Zakir Husain College Of Engineering & Technology,2022-2025,4,India
93,7,U08091,University of New England - Maine,2021-2025,4,U08092,University of New England - USA,2016-2018,3,United States
86,7,U00876,CCS Haryana Agricultural University,2010-2025,4,U05470,SR University,2025-2026,3,India
89,7,U02931,Institute of Mathematics of the National Academy of Sciences of Ukraine,2023-2025,4,U04258,N.N. Bogolyubov Institute for Theoretical Physics of the National Academy of Sciences of Ukraine,2020-2022,3,Ukraine
89,7,U00117,Abadan University of Medical Sciences,2022-2025,4,U00209,Ahvaz Jondishapur University of Medical Sciences,2024-2026,3,Iran
82,7,U07225,Universitas Islam Indonesia (UII),2023-2025,4,U07241,Universitas Komputer Indonesia,2020-2022,3,Indonesia
100,7,U08677,Université de Rennes I,2014-2022,4,U08678,Université de Rennes I (comUE Université Bretagne Loire),2017-2019,3,France
83,6,U04688,Nong Lam University,2023-2025,3,U06564,UEH University,2024-2026,3,Vietnam
83,6,U05055,Phenikaa University,2024-2025,3,U06564,UEH University,2024-2026,3,Vietnam
86,6,U02478,Hindustan University,2020-2022,3,U05470,SR University,2025-2026,3,India
86,6,U00209,Ahvaz Jondishapur University of Medical Sciences,2024-2026,3,U03958,Maragheh University of Medical Sciences,2020-2024,3,Iran
86,6,U04165,Mohanlal Sukhadia University,2024-2025,3,U05470,SR University,2025-2026,3,India
86,6,U04407,National Institute Interdisciplinary Science & Technology - India,2016-2018,3,U04449,National Institute of Technology Delhi,2024-2025,3,India
87,6,U06214,Tashkent Institute of Irrigation and Agricultural Mechanisation,2024-2026,3,U06216,Tashkent Institute of Irrigation and Agricultural Mechanization Engineers - National Research University (TIIAME-NRU),2024-2026,3,Uzbekistan
89,6,U01413,Czech University of Agriculture,2010-2013,3,U04052,Mendel University of Agriculture and Forestry Brno / Mendelova Univerzita v Brně,2012-2014,3,Czechia
83,6,U02493,Ho Chi Minh City University of Education,2023-2025,3,U06564,UEH University,2024-2026,3,Vietnam
86,6,U05198,Pt. Ravishankar Shukla University,2017-2021,3,U05470,SR University,2025-2026,3,India
